title,author,publisher,isbn,stock,reg_date,category_id
실전 텐서플로 워크북,박민수,코딩월드,1371948706683,41,2026-04-05 16:53:22,C015
입문 쿠버네티스 정석,이영희,데이터하우스,6069735354253,43,2024-12-17 16:53:22,C002
마스터링 도커 정석,강민주,코딩월드,8778400163562,37,2026-02-24 16:53:22,C019
핵심 오라클 프로그래밍,정현우,IT미디어,0025139016423,31,2026-03-09 16:53:22,C006
고급 Go언어 컴플리트 가이드,박민수,코딩월드,9438726089711,47,2024-12-16 16:53:22,C002
핵심 자바 기초와 응용,김철수,코딩월드,3660913509223,11,2026-02-17 16:53:22,C001
핵심 텐서플로 워크북,김철수,IT미디어,4490853654245,41,2026-04-03 16:53:22,C017
모던 도커 가이드,최지우,IT미디어,0062849457760,11,2025-03-03 16:53:22,C002
입문 마이SQL 워크북,이영희,IT미디어,7970445621651,22,2025-08-01 16:53:22,C006
마스터링 파이썬 정석,김철수,코딩월드,7004001704854,44,2025-09-07 16:53:22,C019
모던 자바 기초와 응용,최지우,데이터하우스,2365021703981,19,2026-02-27 16:53:22,C010
실전 쿠버네티스 바이블,김철수,코딩월드,0184169448316,41,2025-01-11 16:53:22,C003
마스터링 리눅스 가이드,강민주,디지털북스,9221727256365,26,2025-02-26 16:53:22,C014
실전 마이SQL 바이블,정현우,코딩월드,1376567267026,41,2025-06-04 16:53:22,C017
고급 파이썬 가이드,정현우,코딩월드,8021852777544,32,2025-01-04 16:53:22,C008
고급 오라클 컴플리트 가이드,정현우,IT미디어,2479897254288,15,2025-05-15 16:53:22,C006
초보자를 위한 리눅스 정석,이영희,IT미디어,8482650902117,50,2026-02-16 16:53:22,C020
클린 텐서플로 정석,강민주,데이터하우스,2575346583468,43,2025-02-18 16:53:22,C014
모던 마이SQL 바이블,이영희,IT미디어,8486130191998,7,2025-08-25 16:53:22,C010
실전 파이썬 바이블,이영희,데이터하우스,9640053839928,16,2026-03-23 16:53:22,C002
마스터링 마이SQL 기초와 응용,김철수,디지털북스,3761083667245,5,2025-12-21 16:53:22,C009
마스터링 리눅스 기초와 응용,정현우,코딩월드,6027289021879,49,2026-03-01 16:53:22,C007
모던 오라클 정석,이영희,IT미디어,1087412356734,27,2026-02-03 16:53:22,C012
실전 쿠버네티스 바이블,강민주,데이터하우스,2247785263991,22,2025-09-29 16:53:22,C016
마스터링 마이SQL 컴플리트 가이드,박민수,디지털북스,9993961295841,31,2025-08-21 16:53:22,C007
클린 마이SQL 가이드,최지우,디지털북스,0689309617811,13,2025-09-12 16:53:22,C007
실전 마이SQL 기초와 응용,최지우,IT미디어,1960898258714,21,2025-07-18 16:53:22,C017
초보자를 위한 Go언어 프로그래밍,박민수,데이터하우스,2460567916149,47,2026-04-08 16:53:22,C018
초보자를 위한 Go언어 컴플리트 가이드,이영희,디지털북스,6789397576856,25,2025-07-21 16:53:22,C016
마스터링 마이SQL 바이블,강민주,데이터하우스,5197334031248,49,2025-03-13 16:53:22,C011
고급 파이썬 바이블,박민수,코딩월드,3165583463985,38,2026-02-20 16:53:22,C010
모던 자바 워크북,이영희,IT미디어,3215142314685,42,2025-03-17 16:53:22,C013
마스터링 텐서플로 바이블,이영희,데이터하우스,4827752216696,11,2024-12-14 16:53:22,C006
핵심 오라클 정석,강민주,코딩월드,5274180503391,47,2026-04-08 16:53:22,C011
마스터링 마이SQL 기초와 응용,박민수,디지털북스,7366909628872,40,2025-04-26 16:53:22,C014
고급 Go언어 컴플리트 가이드,강민주,코딩월드,6157576605879,19,2025-06-30 16:53:22,C001
핵심 파이썬 정석,이영희,코딩월드,9076180433552,16,2025-08-19 16:53:22,C018
모던 스위프트 바이블,박민수,코딩월드,7770924684597,29,2025-12-27 16:53:22,C007
실전 텐서플로 가이드,최지우,코딩월드,2600397785448,26,2025-02-14 16:53:22,C014
고급 스위프트 컴플리트 가이드,이영희,디지털북스,8941424277354,40,2025-10-06 16:53:22,C001
초보자를 위한 마이SQL 컴플리트 가이드,박민수,코딩월드,5537274621638,10,2025-01-20 16:53:22,C005
클린 파이썬 바이블,정현우,코딩월드,1428315121216,23,2025-04-03 16:53:22,C013
모던 스위프트 바이블,이영희,IT미디어,9318553315129,15,2026-01-12 16:53:22,C012
클린 리눅스 컴플리트 가이드,최지우,IT미디어,9757593625646,40,2026-02-04 16:53:22,C009
마스터링 도커 정석,김철수,디지털북스,3768326941431,20,2025-07-19 16:53:22,C015
모던 자바 바이블,최지우,데이터하우스,1809575931895,35,2025-11-29 16:53:22,C006
고급 자바 가이드,최지우,데이터하우스,5905274840631,39,2025-10-16 16:53:22,C002
입문 스위프트 워크북,박민수,코딩월드,7171773483760,42,2026-02-25 16:53:22,C019
클린 스위프트 기초와 응용,정현우,IT미디어,0705176524114,24,2025-03-12 16:53:22,C019
입문 텐서플로 바이블,최지우,IT미디어,5252420439605,23,2026-02-25 16:53:22,C005
핵심 스위프트 바이블,최지우,데이터하우스,1953387148625,34,2025-10-08 16:53:22,C008
핵심 텐서플로 바이블,이영희,IT미디어,6908320645772,49,2025-02-04 16:53:22,C011
실전 자바 워크북,최지우,데이터하우스,8540602522709,28,2026-01-07 16:53:22,C016
실전 오라클 프로그래밍,박민수,디지털북스,0634720287285,20,2026-01-28 16:53:22,C017
마스터링 마이SQL 워크북,이영희,IT미디어,5306616071464,38,2025-08-08 16:53:22,C007
핵심 리눅스 워크북,박민수,데이터하우스,5405299527963,17,2025-02-02 16:53:22,C009
모던 파이썬 기초와 응용,김철수,디지털북스,7349208025119,14,2025-05-24 16:53:22,C013
고급 도커 바이블,강민주,코딩월드,2545107646446,21,2025-10-30 16:53:22,C010
고급 마이SQL 워크북,최지우,코딩월드,7371102333624,34,2025-06-08 16:53:22,C017
클린 오라클 바이블,김철수,코딩월드,0842365847835,37,2025-06-05 16:53:22,C010
실전 파이썬 기초와 응용,강민주,IT미디어,4969427728049,21,2025-02-06 16:53:22,C014
클린 리눅스 워크북,최지우,디지털북스,9299274349526,42,2025-11-14 16:53:22,C019
모던 텐서플로 프로그래밍,강민주,디지털북스,2717221672534,24,2025-07-19 16:53:22,C013
핵심 쿠버네티스 프로그래밍,김철수,데이터하우스,2687300006807,38,2025-07-25 16:53:22,C006
입문 도커 기초와 응용,박민수,디지털북스,6686565359941,12,2025-09-21 16:53:22,C004
초보자를 위한 텐서플로 바이블,정현우,데이터하우스,3130371556853,35,2025-04-26 16:53:22,C009
실전 도커 기초와 응용,박민수,코딩월드,6089058085196,16,2025-12-17 16:53:22,C005
클린 Go언어 바이블,박민수,데이터하우스,7452844140507,13,2024-12-27 16:53:22,C010
모던 스위프트 가이드,최지우,코딩월드,5802463286924,27,2025-02-03 16:53:22,C008
실전 마이SQL 컴플리트 가이드,강민주,코딩월드,5764611472419,18,2024-12-30 16:53:22,C011
실전 쿠버네티스 기초와 응용,박민수,IT미디어,8219078138753,13,2026-04-10 16:53:22,C020
입문 스위프트 가이드,이영희,디지털북스,7298776890979,7,2025-07-03 16:53:22,C020
핵심 마이SQL 프로그래밍,정현우,디지털북스,6892122411904,16,2026-01-21 16:53:22,C011
클린 파이썬 기초와 응용,강민주,데이터하우스,8092886176554,46,2025-05-10 16:53:22,C012
초보자를 위한 자바 프로그래밍,최지우,코딩월드,1673848919048,42,2026-03-14 16:53:22,C015
모던 텐서플로 워크북,김철수,코딩월드,2599364006859,43,2025-06-23 16:53:22,C004
핵심 마이SQL 정석,강민주,코딩월드,4518245749757,16,2025-03-08 16:53:22,C009
클린 쿠버네티스 기초와 응용,정현우,IT미디어,9634496386283,48,2025-06-12 16:53:22,C001
핵심 텐서플로 프로그래밍,김철수,데이터하우스,8496025432808,48,2025-01-20 16:53:22,C020
마스터링 자바 워크북,이영희,데이터하우스,9684424853080,17,2025-02-06 16:53:22,C003
초보자를 위한 마이SQL 가이드,박민수,디지털북스,4591158291436,41,2026-01-02 16:53:22,C018
클린 오라클 바이블,정현우,코딩월드,1449702184733,40,2025-11-13 16:53:22,C019
핵심 Go언어 기초와 응용,최지우,데이터하우스,5292313862637,23,2025-01-17 16:53:22,C010
클린 스위프트 프로그래밍,강민주,IT미디어,5545053440446,35,2025-11-18 16:53:22,C017
실전 리눅스 프로그래밍,박민수,IT미디어,1637918656090,15,2025-08-21 16:53:22,C007
클린 리눅스 바이블,이영희,데이터하우스,9700590060384,46,2025-01-04 16:53:22,C019
모던 스위프트 컴플리트 가이드,박민수,IT미디어,9878105594952,5,2026-03-10 16:53:22,C016
실전 스위프트 정석,김철수,디지털북스,8927129085447,31,2025-08-17 16:53:22,C015
마스터링 텐서플로 기초와 응용,최지우,데이터하우스,9714213480976,16,2024-12-05 16:53:22,C001
실전 Go언어 바이블,강민주,코딩월드,3934667592216,23,2024-12-12 16:53:22,C018
클린 파이썬 워크북,박민수,코딩월드,2092401146215,32,2025-04-21 16:53:22,C010
모던 텐서플로 정석,김철수,코딩월드,2772879145119,10,2025-10-24 16:53:22,C007
클린 파이썬 기초와 응용,강민주,디지털북스,6436715317155,5,2024-12-16 16:53:22,C002
핵심 마이SQL 프로그래밍,이영희,디지털북스,6456072568935,43,2025-06-13 16:53:22,C019
모던 리눅스 정석,이영희,디지털북스,9626367668200,18,2025-11-27 16:53:22,C015
핵심 도커 바이블,이영희,디지털북스,0707798039616,14,2025-06-25 16:53:22,C018
마스터링 스위프트 정석,이영희,디지털북스,4031703454012,29,2025-03-03 16:53:22,C019
실전 Go언어 컴플리트 가이드,강민주,IT미디어,7934772223816,6,2026-02-06 16:53:22,C016
초보자를 위한 도커 바이블,최지우,코딩월드,1818057639942,5,2025-08-10 16:53:22,C013
마스터링 자바 워크북,정현우,데이터하우스,2338500225872,10,2025-09-01 16:53:22,C018
실전 오라클 가이드,이영희,코딩월드,9069921750759,24,2025-04-19 16:53:22,C018
실전 도커 컴플리트 가이드,정현우,데이터하우스,9201525360455,42,2026-04-08 16:53:22,C015
실전 텐서플로 바이블,김철수,데이터하우스,6944425885555,32,2026-01-22 16:53:22,C006
실전 텐서플로 기초와 응용,김철수,코딩월드,6725392065004,24,2026-03-20 16:53:22,C017
클린 텐서플로 정석,강민주,데이터하우스,4124764142660,22,2025-04-26 16:53:22,C014
마스터링 텐서플로 워크북,박민수,코딩월드,0728095488773,13,2026-01-30 16:53:22,C005
초보자를 위한 스위프트 가이드,강민주,코딩월드,5058194067889,12,2025-10-03 16:53:22,C004
핵심 텐서플로 프로그래밍,정현우,디지털북스,7803319008669,24,2026-03-08 16:53:22,C011
초보자를 위한 파이썬 프로그래밍,정현우,IT미디어,3837487235614,47,2025-12-12 16:53:22,C014
실전 마이SQL 가이드,이영희,디지털북스,3377804968711,14,2026-03-28 16:53:22,C018
모던 파이썬 워크북,강민주,코딩월드,1611165472008,31,2025-06-27 16:53:22,C001
마스터링 오라클 기초와 응용,박민수,데이터하우스,5234429008325,16,2025-12-17 16:53:22,C008
초보자를 위한 마이SQL 바이블,김철수,데이터하우스,1391969620787,25,2026-01-10 16:53:22,C001
초보자를 위한 마이SQL 바이블,정현우,IT미디어,1189852201148,34,2025-12-17 16:53:22,C009
모던 파이썬 컴플리트 가이드,강민주,IT미디어,4130762264474,40,2026-04-05 16:53:22,C007
고급 마이SQL 바이블,이영희,디지털북스,9064152734764,17,2025-11-19 16:53:22,C011
입문 도커 컴플리트 가이드,강민주,코딩월드,4717478777896,9,2026-03-12 16:53:22,C002
클린 리눅스 프로그래밍,강민주,코딩월드,8349070684228,14,2026-03-29 16:53:22,C012
고급 리눅스 가이드,박민수,데이터하우스,5372931886099,47,2024-12-03 16:53:22,C008
모던 쿠버네티스 기초와 응용,김철수,디지털북스,2519694215468,42,2025-08-04 16:53:22,C013
입문 자바 프로그래밍,강민주,IT미디어,2187467778134,34,2025-05-18 16:53:22,C006
핵심 리눅스 컴플리트 가이드,강민주,디지털북스,7107245556103,8,2025-09-12 16:53:22,C010
클린 스위프트 가이드,최지우,IT미디어,6144054916685,11,2025-01-08 16:53:22,C008
핵심 리눅스 정석,이영희,데이터하우스,6418238768931,8,2026-03-23 16:53:22,C010
핵심 자바 가이드,김철수,코딩월드,9337156924878,45,2026-03-07 16:53:22,C014
고급 리눅스 프로그래밍,박민수,데이터하우스,0393973763462,16,2026-02-14 16:53:22,C007
고급 텐서플로 컴플리트 가이드,이영희,디지털북스,7719640368202,50,2025-09-06 16:53:22,C004
실전 도커 바이블,이영희,IT미디어,9876421833452,30,2026-04-04 16:53:22,C002
고급 쿠버네티스 기초와 응용,강민주,코딩월드,2695246109994,23,2024-12-28 16:53:22,C005
실전 오라클 워크북,강민주,디지털북스,3081416269267,17,2025-09-03 16:53:22,C018
핵심 스위프트 프로그래밍,박민수,디지털북스,8976353505170,10,2024-12-04 16:53:22,C004
핵심 쿠버네티스 워크북,박민수,코딩월드,4089007441775,36,2025-06-29 16:53:22,C005
핵심 텐서플로 바이블,이영희,IT미디어,6392195248397,45,2025-03-14 16:53:22,C005
입문 자바 워크북,최지우,디지털북스,5526032002585,14,2025-06-10 16:53:22,C014
핵심 도커 바이블,강민주,디지털북스,3282450066660,27,2025-10-10 16:53:22,C019
입문 텐서플로 워크북,정현우,데이터하우스,5676947464011,28,2025-01-04 16:53:22,C015
핵심 오라클 기초와 응용,최지우,데이터하우스,5762253527856,48,2025-12-12 16:53:22,C013
마스터링 도커 기초와 응용,정현우,IT미디어,3086839416394,21,2025-01-23 16:53:22,C004
입문 텐서플로 가이드,강민주,디지털북스,4943237110524,42,2025-10-28 16:53:22,C009
입문 쿠버네티스 워크북,최지우,데이터하우스,4861819483788,47,2025-07-08 16:53:22,C001
모던 마이SQL 정석,최지우,IT미디어,2830171248165,41,2025-12-13 16:53:22,C014
초보자를 위한 리눅스 기초와 응용,정현우,IT미디어,7962639660705,37,2024-11-27 16:53:22,C017
고급 자바 컴플리트 가이드,김철수,코딩월드,4869368609386,50,2025-04-19 16:53:22,C011
클린 리눅스 기초와 응용,김철수,디지털북스,2998607563546,46,2025-02-01 16:53:22,C015
초보자를 위한 마이SQL 워크북,정현우,데이터하우스,5056023979117,22,2025-09-08 16:53:22,C018
마스터링 스위프트 컴플리트 가이드,이영희,데이터하우스,6952212282596,40,2025-07-10 16:53:22,C020
클린 오라클 워크북,최지우,코딩월드,5463844335505,39,2025-09-15 16:53:22,C017
핵심 오라클 워크북,강민주,IT미디어,2278091894074,5,2026-01-27 16:53:22,C015
핵심 자바 기초와 응용,이영희,디지털북스,9215325040467,49,2025-09-04 16:53:22,C018
클린 도커 프로그래밍,이영희,데이터하우스,8832823692202,23,2025-04-23 16:53:22,C016
고급 스위프트 정석,이영희,데이터하우스,8231780187500,40,2025-01-01 16:53:22,C015
실전 마이SQL 컴플리트 가이드,정현우,데이터하우스,8161682080965,47,2026-03-13 16:53:22,C016
고급 오라클 정석,김철수,디지털북스,3767390948346,34,2025-07-20 16:53:22,C018
핵심 스위프트 바이블,최지우,IT미디어,2406633813064,20,2025-05-14 16:53:22,C014
입문 리눅스 워크북,박민수,디지털북스,2957969547811,43,2025-08-24 16:53:22,C004
입문 텐서플로 컴플리트 가이드,최지우,IT미디어,0027649056536,34,2025-01-20 16:53:22,C016
고급 리눅스 정석,강민주,디지털북스,8277659083874,8,2026-01-05 16:53:22,C016
클린 쿠버네티스 프로그래밍,강민주,디지털북스,7209021739813,34,2025-08-04 16:53:22,C013
클린 마이SQL 바이블,강민주,디지털북스,5037443653603,24,2026-02-18 16:53:22,C004
클린 마이SQL 바이블,박민수,IT미디어,5502977820966,12,2025-09-11 16:53:22,C004
초보자를 위한 도커 가이드,김철수,코딩월드,2486809172099,16,2025-08-05 16:53:22,C006
마스터링 Go언어 워크북,이영희,데이터하우스,0840530344928,15,2025-11-30 16:53:22,C014
클린 Go언어 정석,김철수,IT미디어,9503363149738,43,2024-12-17 16:53:22,C005
초보자를 위한 Go언어 워크북,김철수,IT미디어,8864009984792,23,2025-12-12 16:53:22,C019
핵심 도커 컴플리트 가이드,정현우,데이터하우스,1274574493964,45,2025-02-13 16:53:22,C015
핵심 리눅스 가이드,박민수,코딩월드,5934202470738,19,2025-09-15 16:53:22,C004
핵심 파이썬 프로그래밍,최지우,디지털북스,2300141675779,38,2025-08-14 16:53:22,C006
초보자를 위한 스위프트 정석,정현우,코딩월드,1217928062595,11,2025-11-20 16:53:22,C017
초보자를 위한 리눅스 가이드,정현우,IT미디어,4291011157401,37,2024-12-29 16:53:22,C002
고급 쿠버네티스 가이드,김철수,디지털북스,8203892025656,45,2025-05-21 16:53:22,C004
입문 텐서플로 바이블,김철수,디지털북스,1630379864452,17,2025-08-06 16:53:22,C007
고급 도커 프로그래밍,최지우,코딩월드,6523669706771,39,2026-01-06 16:53:22,C003
입문 리눅스 프로그래밍,강민주,데이터하우스,9622732699962,46,2025-01-26 16:53:22,C018
입문 마이SQL 정석,강민주,코딩월드,8375747669474,17,2025-06-26 16:53:22,C005
고급 쿠버네티스 정석,강민주,디지털북스,7370304250204,14,2026-04-10 16:53:22,C013
핵심 자바 가이드,박민수,코딩월드,2894187825690,22,2025-10-02 16:53:22,C006
초보자를 위한 파이썬 기초와 응용,김철수,데이터하우스,9391710260935,30,2026-01-05 16:53:22,C009
초보자를 위한 마이SQL 가이드,최지우,IT미디어,0248255806799,23,2025-09-16 16:53:22,C010
클린 마이SQL 기초와 응용,김철수,IT미디어,0870465305999,26,2025-08-18 16:53:22,C010
실전 텐서플로 기초와 응용,김철수,코딩월드,9550853767598,14,2026-03-21 16:53:22,C005
실전 리눅스 프로그래밍,최지우,디지털북스,5454416956546,26,2025-11-01 16:53:22,C007
실전 Go언어 워크북,최지우,IT미디어,3039245745096,14,2025-12-21 16:53:22,C017
마스터링 스위프트 워크북,최지우,IT미디어,1062180486364,48,2024-12-30 16:53:22,C001
실전 도커 컴플리트 가이드,박민수,디지털북스,6090452830411,17,2025-12-25 16:53:22,C013
초보자를 위한 자바 워크북,정현우,코딩월드,1169364790447,28,2025-04-03 16:53:22,C010
핵심 파이썬 워크북,김철수,디지털북스,5557763449266,21,2025-08-04 16:53:22,C015
마스터링 Go언어 워크북,이영희,코딩월드,6889519091321,34,2025-02-19 16:53:22,C005
모던 도커 기초와 응용,최지우,IT미디어,9487327246875,32,2024-12-27 16:53:22,C004
마스터링 텐서플로 정석,강민주,디지털북스,7195122305385,29,2025-01-31 16:53:22,C013
핵심 리눅스 정석,김철수,디지털북스,3791993038488,29,2025-01-10 16:53:22,C004
마스터링 스위프트 가이드,이영희,디지털북스,2652137216097,19,2025-09-13 16:53:22,C002
실전 자바 정석,이영희,IT미디어,6727558948559,21,2025-08-26 16:53:22,C015
모던 자바 기초와 응용,김철수,코딩월드,1623558755758,13,2026-02-14 16:53:22,C014
클린 Go언어 정석,김철수,디지털북스,9378017629267,11,2025-06-01 16:53:22,C004
초보자를 위한 스위프트 프로그래밍,정현우,디지털북스,6458647472494,28,2026-01-01 16:53:22,C020
핵심 도커 컴플리트 가이드,강민주,IT미디어,4404353349537,19,2025-08-15 16:53:22,C020
마스터링 스위프트 프로그래밍,정현우,코딩월드,9452474723683,37,2025-12-27 16:53:22,C014
핵심 텐서플로 정석,강민주,IT미디어,4320506466501,23,2025-10-28 16:53:22,C009
마스터링 오라클 바이블,이영희,코딩월드,1485249263063,17,2025-09-12 16:53:22,C019
초보자를 위한 리눅스 정석,강민주,디지털북스,6541927974272,43,2025-06-01 16:53:22,C012
마스터링 Go언어 워크북,강민주,IT미디어,4277685964393,5,2024-12-19 16:53:22,C019
마스터링 리눅스 워크북,김철수,코딩월드,4074811352632,25,2026-02-23 16:53:22,C018
핵심 마이SQL 컴플리트 가이드,정현우,디지털북스,8779236910161,9,2025-05-06 16:53:22,C015
입문 오라클 컴플리트 가이드,정현우,IT미디어,1637284361898,25,2025-06-24 16:53:22,C007
마스터링 쿠버네티스 프로그래밍,김철수,데이터하우스,5906285547007,18,2025-10-26 16:53:22,C016
실전 오라클 기초와 응용,강민주,데이터하우스,1860990548698,35,2025-09-20 16:53:22,C015
클린 리눅스 프로그래밍,최지우,디지털북스,9349978520952,20,2025-05-06 16:53:22,C017
초보자를 위한 파이썬 바이블,박민수,데이터하우스,9549151305125,5,2025-11-21 16:53:22,C020
초보자를 위한 스위프트 프로그래밍,김철수,코딩월드,0943089762013,12,2025-04-06 16:53:22,C001
고급 도커 워크북,강민주,IT미디어,7940369568239,12,2025-04-05 16:53:22,C019
핵심 자바 바이블,김철수,디지털북스,5036032689047,17,2025-09-27 16:53:22,C005
고급 스위프트 정석,정현우,코딩월드,1289016451433,30,2025-02-10 16:53:22,C020
입문 스위프트 정석,정현우,IT미디어,8441958112800,7,2026-04-09 16:53:22,C005
입문 Go언어 기초와 응용,강민주,IT미디어,0401811213446,33,2025-08-05 16:53:22,C017
초보자를 위한 마이SQL 워크북,최지우,디지털북스,1878649346068,17,2025-10-02 16:53:22,C013
마스터링 파이썬 가이드,이영희,디지털북스,5502507309439,7,2025-02-03 16:53:22,C018
핵심 도커 컴플리트 가이드,김철수,디지털북스,2625994800935,29,2025-02-26 16:53:22,C001
실전 스위프트 바이블,정현우,디지털북스,9123066852243,41,2025-07-07 16:53:22,C006
마스터링 리눅스 워크북,이영희,코딩월드,4135945786134,12,2025-07-05 16:53:22,C001
모던 텐서플로 바이블,김철수,IT미디어,2133750239893,15,2025-11-18 16:53:22,C004
클린 텐서플로 프로그래밍,최지우,데이터하우스,9672291260072,26,2025-12-02 16:53:22,C003
고급 마이SQL 바이블,정현우,디지털북스,2083486972713,29,2025-10-26 16:53:22,C011
초보자를 위한 쿠버네티스 기초와 응용,최지우,데이터하우스,3746996770134,17,2024-12-31 16:53:22,C020
마스터링 Go언어 정석,최지우,IT미디어,8640518217171,14,2025-07-14 16:53:22,C011
마스터링 스위프트 컴플리트 가이드,강민주,IT미디어,2347298345713,20,2025-06-24 16:53:22,C013
클린 리눅스 워크북,강민주,IT미디어,2967889279430,44,2025-01-18 16:53:22,C020
모던 자바 워크북,정현우,데이터하우스,6845097412582,13,2025-02-10 16:53:22,C015
초보자를 위한 파이썬 워크북,김철수,코딩월드,9746837503869,18,2026-01-03 16:53:22,C019
고급 자바 컴플리트 가이드,박민수,디지털북스,0571882897867,7,2025-04-17 16:53:22,C003
고급 오라클 가이드,박민수,IT미디어,1518094660414,23,2025-07-14 16:53:22,C019
핵심 도커 워크북,이영희,IT미디어,5600400548805,28,2025-07-29 16:53:22,C009
고급 도커 컴플리트 가이드,김철수,디지털북스,4308651017563,17,2026-01-21 16:53:22,C004
고급 파이썬 기초와 응용,최지우,디지털북스,8685539808751,43,2025-04-09 16:53:22,C015
입문 마이SQL 워크북,이영희,데이터하우스,1159522654568,39,2025-05-22 16:53:22,C004
모던 스위프트 정석,박민수,디지털북스,6438671648759,18,2025-05-12 16:53:22,C003
초보자를 위한 자바 기초와 응용,강민주,데이터하우스,4712014821897,11,2026-03-29 16:53:22,C013
입문 파이썬 바이블,정현우,IT미디어,8560596490641,43,2025-11-16 16:53:22,C004
입문 오라클 워크북,최지우,디지털북스,0366939143902,30,2025-08-27 16:53:22,C017
마스터링 파이썬 컴플리트 가이드,정현우,데이터하우스,5052704722387,33,2025-11-23 16:53:22,C014
고급 오라클 프로그래밍,최지우,데이터하우스,2538918683897,45,2025-06-02 16:53:22,C015
핵심 텐서플로 워크북,최지우,데이터하우스,9898259512015,31,2025-03-21 16:53:22,C006
고급 Go언어 워크북,정현우,디지털북스,2544087214770,12,2025-08-19 16:53:22,C018
입문 텐서플로 정석,강민주,데이터하우스,0749885827256,7,2025-08-02 16:53:22,C011
입문 파이썬 가이드,김철수,코딩월드,0080450749123,37,2025-05-25 16:53:22,C006
마스터링 오라클 기초와 응용,이영희,IT미디어,5904073062390,22,2025-01-14 16:53:22,C016
마스터링 스위프트 기초와 응용,정현우,디지털북스,3853662276261,24,2025-07-22 16:53:22,C004
고급 스위프트 정석,정현우,IT미디어,5840115857831,10,2025-04-15 16:53:22,C017
입문 파이썬 정석,최지우,디지털북스,7631579690240,8,2025-11-18 16:53:22,C014
마스터링 텐서플로 기초와 응용,정현우,데이터하우스,3208842702931,27,2025-05-31 16:53:22,C001
모던 리눅스 가이드,정현우,디지털북스,5865290163651,13,2026-02-25 16:53:22,C011
핵심 파이썬 바이블,강민주,IT미디어,5142752788238,34,2026-02-01 16:53:22,C005
모던 오라클 워크북,정현우,데이터하우스,0242136744747,9,2026-02-18 16:53:22,C005
입문 텐서플로 워크북,강민주,디지털북스,7717942995774,47,2024-12-15 16:53:22,C001
초보자를 위한 리눅스 프로그래밍,박민수,데이터하우스,3199895739994,42,2025-01-26 16:53:22,C014
모던 스위프트 프로그래밍,최지우,IT미디어,2602060700657,21,2025-05-12 16:53:22,C018
마스터링 마이SQL 가이드,최지우,코딩월드,0511766578303,33,2025-05-23 16:53:22,C012
마스터링 파이썬 프로그래밍,정현우,데이터하우스,5288269303121,30,2024-12-18 16:53:22,C018
입문 Go언어 워크북,김철수,데이터하우스,5517361527387,26,2025-02-24 16:53:22,C010
모던 도커 프로그래밍,이영희,데이터하우스,5426832779991,14,2024-12-18 16:53:22,C008
모던 마이SQL 프로그래밍,김철수,IT미디어,3721314910100,26,2025-05-10 16:53:22,C013
실전 스위프트 컴플리트 가이드,강민주,코딩월드,0134733404448,46,2025-11-13 16:53:22,C002
마스터링 쿠버네티스 워크북,이영희,데이터하우스,2593716660226,47,2025-10-30 16:53:22,C005
입문 Go언어 워크북,최지우,IT미디어,9264706281852,28,2026-02-10 16:53:22,C005
입문 도커 가이드,이영희,코딩월드,3775526212596,36,2025-08-10 16:53:22,C020
초보자를 위한 도커 정석,이영희,코딩월드,7067058106766,11,2025-10-09 16:53:22,C017
클린 도커 바이블,이영희,데이터하우스,3414860880988,16,2025-03-12 16:53:22,C019
초보자를 위한 도커 바이블,최지우,IT미디어,8659758706771,42,2026-02-24 16:53:22,C008
실전 Go언어 정석,정현우,코딩월드,7312223291515,36,2025-06-22 16:53:22,C019
고급 도커 기초와 응용,박민수,코딩월드,0533560952146,14,2024-12-01 16:53:22,C010
고급 자바 기초와 응용,김철수,IT미디어,7268481632086,44,2025-08-02 16:53:22,C010
실전 파이썬 정석,박민수,디지털북스,7076904485341,35,2025-12-06 16:53:22,C020
입문 리눅스 기초와 응용,정현우,IT미디어,0578289335294,33,2025-06-29 16:53:22,C020
핵심 텐서플로 가이드,강민주,IT미디어,6785514608074,11,2024-12-30 16:53:22,C005
고급 오라클 정석,김철수,코딩월드,6595659506642,37,2025-03-12 16:53:22,C018
핵심 쿠버네티스 컴플리트 가이드,강민주,데이터하우스,7317904459300,37,2026-03-12 16:53:22,C012
실전 리눅스 프로그래밍,김철수,데이터하우스,3729604160126,49,2026-01-08 16:53:22,C006
입문 쿠버네티스 정석,강민주,데이터하우스,4298325792888,42,2025-10-09 16:53:22,C019
클린 도커 가이드,박민수,코딩월드,3868333898860,26,2025-04-11 16:53:22,C009
초보자를 위한 Go언어 바이블,최지우,코딩월드,8928867602514,40,2025-06-20 16:53:22,C007
마스터링 쿠버네티스 정석,이영희,IT미디어,9666685033101,6,2025-07-11 16:53:22,C003
입문 자바 컴플리트 가이드,강민주,데이터하우스,3972641391135,44,2025-03-07 16:53:22,C020
클린 스위프트 워크북,이영희,IT미디어,5058773805540,45,2025-11-20 16:53:22,C006
입문 리눅스 정석,이영희,IT미디어,6663255515598,25,2025-07-12 16:53:22,C009
고급 마이SQL 가이드,정현우,디지털북스,3795099500605,31,2024-12-19 16:53:22,C018
마스터링 파이썬 정석,강민주,IT미디어,5438472283520,33,2025-02-08 16:53:22,C010
초보자를 위한 파이썬 프로그래밍,정현우,IT미디어,2459222514050,28,2024-12-19 16:53:22,C018
초보자를 위한 도커 컴플리트 가이드,최지우,디지털북스,4672976576062,6,2025-06-15 16:53:22,C011
마스터링 스위프트 바이블,강민주,디지털북스,4234740252336,39,2026-02-15 16:53:22,C020
고급 도커 가이드,강민주,데이터하우스,7923997239430,49,2025-11-20 16:53:22,C013
클린 텐서플로 컴플리트 가이드,정현우,코딩월드,6337902977065,16,2025-05-04 16:53:22,C005
클린 Go언어 컴플리트 가이드,정현우,코딩월드,5045498979478,37,2025-04-06 16:53:22,C009
실전 텐서플로 가이드,이영희,IT미디어,0811425028200,16,2025-11-07 16:53:22,C011
클린 Go언어 바이블,최지우,데이터하우스,3426066819991,24,2026-03-13 16:53:22,C008
핵심 스위프트 가이드,이영희,데이터하우스,8813035051150,30,2025-05-06 16:53:22,C003
고급 마이SQL 정석,박민수,코딩월드,7211987708266,27,2025-11-24 16:53:22,C002
입문 스위프트 정석,김철수,IT미디어,0634445938602,29,2026-01-28 16:53:22,C015
실전 도커 기초와 응용,이영희,데이터하우스,6249429895320,16,2025-01-23 16:53:22,C013
마스터링 쿠버네티스 기초와 응용,정현우,IT미디어,3535986582215,15,2025-10-13 16:53:22,C013
핵심 Go언어 정석,김철수,데이터하우스,9464397490135,9,2025-12-21 16:53:22,C020
마스터링 스위프트 가이드,박민수,IT미디어,3623115125571,38,2025-03-10 16:53:22,C006
실전 마이SQL 기초와 응용,정현우,IT미디어,7690894789942,26,2025-02-10 16:53:22,C018
마스터링 텐서플로 워크북,최지우,IT미디어,9389831918140,47,2025-12-09 16:53:22,C020
마스터링 도커 정석,정현우,코딩월드,1725166723936,10,2025-08-30 16:53:22,C011
마스터링 자바 정석,강민주,코딩월드,4054670332944,46,2025-11-14 16:53:22,C006
실전 마이SQL 가이드,강민주,코딩월드,3345498852946,34,2025-09-23 16:53:22,C020
핵심 마이SQL 워크북,박민수,코딩월드,4314742012939,50,2025-07-26 16:53:22,C019
입문 쿠버네티스 기초와 응용,최지우,데이터하우스,5940011202859,36,2026-01-08 16:53:22,C011
초보자를 위한 도커 가이드,최지우,데이터하우스,6102877838787,20,2025-12-19 16:53:22,C020
클린 마이SQL 가이드,김철수,디지털북스,6584521477542,31,2024-12-23 16:53:22,C011
고급 쿠버네티스 가이드,이영희,코딩월드,7876488035938,34,2025-12-10 16:53:22,C010
고급 쿠버네티스 정석,강민주,코딩월드,2463097848087,33,2025-05-02 16:53:22,C001
마스터링 쿠버네티스 바이블,최지우,디지털북스,8157530042917,35,2025-09-25 16:53:22,C015
고급 스위프트 프로그래밍,정현우,코딩월드,7940100508445,44,2025-02-04 16:53:22,C014
마스터링 파이썬 기초와 응용,박민수,디지털북스,7477445349765,21,2025-07-26 16:53:22,C020
고급 도커 정석,강민주,코딩월드,4937069239238,36,2026-02-05 16:53:22,C010
초보자를 위한 스위프트 가이드,최지우,IT미디어,0612614666917,34,2025-06-25 16:53:22,C013
초보자를 위한 마이SQL 프로그래밍,이영희,코딩월드,0207540580947,43,2025-04-04 16:53:22,C017
마스터링 오라클 프로그래밍,박민수,IT미디어,6714742166845,33,2025-11-13 16:53:22,C001
초보자를 위한 스위프트 컴플리트 가이드,박민수,데이터하우스,5164380112123,26,2026-02-13 16:53:22,C002
클린 텐서플로 프로그래밍,최지우,디지털북스,0536705966368,9,2025-09-04 16:53:22,C011
실전 자바 정석,이영희,IT미디어,3170469577930,34,2025-12-19 16:53:22,C002
고급 쿠버네티스 가이드,강민주,코딩월드,8151215558984,18,2025-11-21 16:53:22,C012
고급 오라클 가이드,최지우,디지털북스,0100577106595,26,2025-11-01 16:53:22,C005
실전 자바 워크북,정현우,코딩월드,7003717174745,20,2025-04-06 16:53:22,C001
고급 자바 컴플리트 가이드,김철수,디지털북스,0165235866064,9,2025-12-10 16:53:22,C008
클린 파이썬 컴플리트 가이드,최지우,데이터하우스,8418609593119,7,2025-10-11 16:53:22,C010
실전 스위프트 프로그래밍,이영희,디지털북스,2880719975210,9,2025-07-25 16:53:22,C014
고급 자바 바이블,강민주,디지털북스,0760212940026,27,2026-01-31 16:53:22,C020
고급 텐서플로 프로그래밍,박민수,디지털북스,3943769609699,10,2025-01-16 16:53:22,C012
실전 오라클 워크북,정현우,디지털북스,7492129678504,27,2025-12-16 16:53:22,C017
마스터링 마이SQL 기초와 응용,김철수,데이터하우스,8227822948307,5,2026-02-19 16:53:22,C008
마스터링 오라클 정석,김철수,IT미디어,6531194659333,25,2025-12-05 16:53:22,C004
마스터링 스위프트 가이드,박민수,디지털북스,9277039709356,48,2025-03-18 16:53:22,C003
모던 자바 기초와 응용,이영희,IT미디어,3180048174910,17,2025-11-27 16:53:22,C015
실전 스위프트 바이블,최지우,디지털북스,9137174888935,24,2025-02-02 16:53:22,C009
클린 리눅스 정석,박민수,데이터하우스,3447646267717,27,2025-02-03 16:53:22,C016
입문 Go언어 가이드,최지우,코딩월드,1419134284437,11,2025-02-28 16:53:22,C014
모던 오라클 프로그래밍,김철수,데이터하우스,9601993824175,36,2026-01-18 16:53:22,C018
실전 도커 가이드,강민주,코딩월드,3420028761059,49,2025-05-14 16:53:22,C014
실전 쿠버네티스 프로그래밍,강민주,디지털북스,3733445025345,14,2025-05-18 16:53:22,C001
마스터링 파이썬 프로그래밍,박민수,디지털북스,1432614124081,10,2025-06-01 16:53:22,C009
모던 도커 가이드,정현우,데이터하우스,7145699032954,12,2025-05-08 16:53:22,C001
고급 자바 바이블,강민주,코딩월드,8916942753772,23,2025-07-09 16:53:22,C010
실전 텐서플로 정석,박민수,코딩월드,0376045741746,41,2025-07-01 16:53:22,C018
마스터링 Go언어 컴플리트 가이드,김철수,IT미디어,9397351942122,42,2025-03-28 16:53:22,C006
마스터링 스위프트 기초와 응용,박민수,데이터하우스,8017317834360,31,2026-02-03 16:53:22,C013
고급 텐서플로 컴플리트 가이드,이영희,IT미디어,1422443332435,25,2025-03-10 16:53:22,C008
입문 텐서플로 기초와 응용,정현우,데이터하우스,9047802162979,49,2026-03-29 16:53:22,C009
마스터링 자바 바이블,이영희,디지털북스,6628909382894,16,2025-10-09 16:53:22,C018
모던 파이썬 기초와 응용,강민주,데이터하우스,9078049612140,5,2026-03-06 16:53:22,C020
초보자를 위한 텐서플로 정석,김철수,데이터하우스,4635018350501,32,2025-02-20 16:53:22,C002
마스터링 스위프트 컴플리트 가이드,박민수,데이터하우스,0671245436734,15,2024-12-14 16:53:22,C006
초보자를 위한 Go언어 가이드,김철수,데이터하우스,8651485239657,47,2025-07-19 16:53:22,C003
초보자를 위한 자바 바이블,김철수,IT미디어,0914656863161,44,2025-05-06 16:53:22,C009
모던 오라클 기초와 응용,박민수,디지털북스,3735681469139,21,2025-12-16 16:53:22,C005
클린 파이썬 프로그래밍,강민주,디지털북스,3326761826789,26,2024-12-26 16:53:22,C011
초보자를 위한 오라클 가이드,박민수,디지털북스,2344579798267,18,2024-12-13 16:53:22,C014
핵심 도커 기초와 응용,정현우,IT미디어,8532077756683,23,2025-09-13 16:53:22,C019
고급 마이SQL 정석,최지우,코딩월드,6758785152325,46,2025-12-03 16:53:22,C004
실전 오라클 정석,박민수,코딩월드,4101039175217,49,2026-03-15 16:53:22,C010
클린 리눅스 정석,박민수,코딩월드,9886409117573,38,2025-11-14 16:53:22,C020
실전 리눅스 프로그래밍,이영희,코딩월드,7496106465354,32,2025-11-03 16:53:22,C003
클린 파이썬 가이드,최지우,IT미디어,3141156402695,29,2025-11-07 16:53:22,C019
초보자를 위한 오라클 프로그래밍,이영희,디지털북스,9309732565308,17,2025-02-15 16:53:22,C014
핵심 오라클 정석,박민수,코딩월드,5998072950248,42,2025-12-14 16:53:22,C017
모던 파이썬 워크북,정현우,디지털북스,0557418104504,45,2026-01-30 16:53:22,C005
클린 쿠버네티스 워크북,정현우,데이터하우스,4078400881180,10,2025-08-07 16:53:22,C006
고급 스위프트 정석,최지우,코딩월드,7209286897078,37,2025-07-15 16:53:22,C014
클린 리눅스 기초와 응용,김철수,코딩월드,3315499976377,10,2025-04-27 16:53:22,C010
마스터링 스위프트 컴플리트 가이드,박민수,IT미디어,9936633742195,46,2025-07-28 16:53:22,C009
실전 쿠버네티스 프로그래밍,최지우,IT미디어,3986437414720,46,2026-02-14 16:53:22,C007
클린 자바 워크북,이영희,코딩월드,1462649366716,12,2026-01-06 16:53:22,C008
고급 도커 정석,박민수,IT미디어,0415399375513,48,2025-10-19 16:53:22,C011
실전 오라클 프로그래밍,정현우,IT미디어,7870504569961,44,2025-04-14 16:53:22,C008
초보자를 위한 스위프트 기초와 응용,최지우,디지털북스,4035864266513,23,2025-05-26 16:53:22,C008
초보자를 위한 쿠버네티스 워크북,강민주,데이터하우스,8088614035981,7,2025-09-24 16:53:22,C008
클린 스위프트 바이블,이영희,데이터하우스,2274161527441,26,2025-11-26 16:53:22,C017
실전 Go언어 바이블,강민주,코딩월드,4128405807559,8,2026-03-24 16:53:22,C007
실전 텐서플로 프로그래밍,이영희,데이터하우스,6263294062075,43,2025-06-05 16:53:22,C010
고급 마이SQL 프로그래밍,박민수,데이터하우스,0561459204522,17,2025-06-02 16:53:22,C013
초보자를 위한 쿠버네티스 워크북,정현우,코딩월드,7931600076543,40,2026-01-04 16:53:22,C013
실전 쿠버네티스 프로그래밍,박민수,데이터하우스,0207718558209,28,2025-12-27 16:53:22,C004
클린 오라클 가이드,박민수,디지털북스,9674957555491,37,2026-01-10 16:53:22,C011
초보자를 위한 텐서플로 가이드,강민주,IT미디어,2667658697465,41,2026-02-15 16:53:22,C009
마스터링 텐서플로 가이드,이영희,IT미디어,3160398956899,28,2025-06-13 16:53:22,C008
클린 텐서플로 워크북,이영희,코딩월드,0647416135178,31,2026-02-15 16:53:22,C020
핵심 오라클 컴플리트 가이드,최지우,코딩월드,4952913973054,44,2025-04-18 16:53:22,C013
마스터링 텐서플로 워크북,김철수,코딩월드,2596531501751,25,2025-05-26 16:53:22,C004
마스터링 자바 기초와 응용,박민수,IT미디어,9854857647865,28,2025-02-13 16:53:22,C003
모던 도커 바이블,김철수,IT미디어,6585499018691,12,2025-04-08 16:53:22,C003
초보자를 위한 도커 기초와 응용,김철수,디지털북스,0901810606075,30,2026-01-03 16:53:22,C017
입문 도커 기초와 응용,박민수,디지털북스,9585619142454,28,2025-06-20 16:53:22,C005
초보자를 위한 오라클 워크북,이영희,데이터하우스,6023439392052,32,2025-01-07 16:53:22,C001
입문 도커 가이드,강민주,IT미디어,8234627459779,26,2025-12-28 16:53:22,C004
클린 자바 컴플리트 가이드,김철수,데이터하우스,3636401618616,8,2024-12-15 16:53:22,C020
입문 마이SQL 기초와 응용,최지우,데이터하우스,5222406872619,29,2025-10-11 16:53:22,C004
입문 파이썬 컴플리트 가이드,김철수,코딩월드,9491130758827,21,2026-04-04 16:53:22,C003
고급 리눅스 정석,박민수,IT미디어,9139941085259,34,2025-07-29 16:53:22,C001
실전 오라클 컴플리트 가이드,최지우,디지털북스,8639870443580,26,2025-11-25 16:53:22,C006
초보자를 위한 파이썬 기초와 응용,정현우,IT미디어,4531335196344,14,2025-11-05 16:53:22,C018
모던 자바 가이드,김철수,디지털북스,2356648090880,10,2025-05-16 16:53:22,C014
클린 마이SQL 기초와 응용,정현우,디지털북스,2934439015575,11,2025-09-01 16:53:22,C007
고급 마이SQL 컴플리트 가이드,최지우,IT미디어,1487097979791,32,2025-12-29 16:53:22,C007
핵심 Go언어 바이블,최지우,코딩월드,9473795395972,11,2025-08-11 16:53:22,C008
모던 텐서플로 기초와 응용,정현우,코딩월드,2783323486516,8,2025-04-13 16:53:22,C001
실전 마이SQL 컴플리트 가이드,이영희,디지털북스,9259923279505,32,2026-02-21 16:53:22,C002
실전 리눅스 워크북,이영희,IT미디어,7566134370888,24,2025-01-03 16:53:22,C009
모던 자바 기초와 응용,강민주,IT미디어,8623348431859,37,2025-02-22 16:53:22,C010
마스터링 리눅스 가이드,김철수,IT미디어,8613372469592,50,2025-01-30 16:53:22,C006
모던 자바 가이드,강민주,코딩월드,4955358478813,17,2025-10-19 16:53:22,C017
실전 파이썬 정석,이영희,디지털북스,2691373873519,49,2025-01-14 16:53:22,C015
초보자를 위한 오라클 가이드,최지우,코딩월드,0448966458147,41,2025-10-26 16:53:22,C012
마스터링 자바 프로그래밍,김철수,데이터하우스,9391349584425,5,2024-12-29 16:53:22,C020
모던 도커 정석,김철수,코딩월드,5491474781879,50,2026-04-02 16:53:22,C001
모던 자바 프로그래밍,최지우,데이터하우스,6039204151848,49,2025-05-25 16:53:22,C015
클린 자바 바이블,강민주,데이터하우스,8567346359464,12,2026-04-03 16:53:22,C009
마스터링 파이썬 정석,정현우,IT미디어,2749260953708,23,2026-04-10 16:53:22,C014
고급 쿠버네티스 가이드,최지우,디지털북스,7096971867069,40,2025-09-21 16:53:22,C005
핵심 오라클 워크북,최지우,데이터하우스,7031718943055,9,2025-12-26 16:53:22,C018
클린 마이SQL 워크북,최지우,디지털북스,2917780563985,7,2025-10-25 16:53:22,C005
입문 마이SQL 워크북,박민수,데이터하우스,7146146592486,42,2025-08-11 16:53:22,C013
마스터링 Go언어 바이블,최지우,코딩월드,7026328433623,20,2026-03-06 16:53:22,C020
초보자를 위한 마이SQL 기초와 응용,김철수,IT미디어,2205943467588,13,2025-12-15 16:53:22,C003
마스터링 텐서플로 가이드,이영희,디지털북스,0206213859975,14,2025-04-03 16:53:22,C005
마스터링 쿠버네티스 컴플리트 가이드,정현우,데이터하우스,8784076912908,29,2025-03-19 16:53:22,C020
클린 Go언어 프로그래밍,최지우,IT미디어,9672179504720,47,2026-01-25 16:53:22,C012
실전 리눅스 컴플리트 가이드,최지우,디지털북스,1297213147631,26,2025-02-18 16:53:22,C012
고급 쿠버네티스 정석,강민주,데이터하우스,7979288435389,18,2025-01-14 16:53:22,C015
모던 텐서플로 프로그래밍,김철수,코딩월드,9756202315773,28,2025-08-07 16:53:22,C016
실전 자바 워크북,정현우,IT미디어,4487348305454,35,2026-01-02 16:53:22,C011
입문 오라클 워크북,최지우,코딩월드,8224157172435,7,2025-10-28 16:53:22,C016
클린 텐서플로 기초와 응용,정현우,디지털북스,3397358476358,50,2024-12-28 16:53:22,C011
핵심 리눅스 워크북,최지우,코딩월드,6323367811621,37,2025-05-31 16:53:22,C018
핵심 자바 워크북,김철수,데이터하우스,6217335866687,31,2025-06-13 16:53:22,C011
초보자를 위한 도커 가이드,이영희,IT미디어,1903317476840,21,2026-03-06 16:53:22,C019
고급 텐서플로 프로그래밍,박민수,디지털북스,9171125037778,15,2025-01-21 16:53:22,C010
고급 파이썬 워크북,강민주,IT미디어,0032458106236,48,2026-02-07 16:53:22,C012
마스터링 마이SQL 가이드,강민주,데이터하우스,0802741482515,20,2025-03-21 16:53:22,C018
입문 마이SQL 컴플리트 가이드,최지우,디지털북스,0957357743405,15,2025-05-23 16:53:22,C004
클린 텐서플로 기초와 응용,박민수,디지털북스,0231972878069,12,2025-03-01 16:53:22,C007
초보자를 위한 오라클 가이드,이영희,코딩월드,9269467852182,47,2025-09-18 16:53:22,C002
초보자를 위한 파이썬 바이블,정현우,데이터하우스,4756465196105,13,2025-03-18 16:53:22,C014
실전 자바 바이블,박민수,코딩월드,6330015712562,6,2026-01-17 16:53:22,C019
실전 Go언어 정석,정현우,코딩월드,4960580117688,48,2025-09-13 16:53:22,C007
입문 텐서플로 기초와 응용,최지우,디지털북스,5339612191797,7,2025-02-21 16:53:22,C020
모던 도커 프로그래밍,최지우,데이터하우스,5409640461126,13,2025-06-13 16:53:22,C001
핵심 마이SQL 바이블,김철수,데이터하우스,2789742158551,8,2025-09-07 16:53:22,C016
실전 마이SQL 정석,강민주,데이터하우스,3155582121301,26,2025-11-04 16:53:22,C001
고급 텐서플로 바이블,이영희,IT미디어,6378108070053,32,2025-06-14 16:53:22,C010
고급 도커 가이드,이영희,디지털북스,3850790348537,10,2025-08-31 16:53:22,C012
클린 오라클 컴플리트 가이드,박민수,데이터하우스,7452227961052,34,2025-01-21 16:53:22,C016
모던 자바 프로그래밍,정현우,코딩월드,5425182022194,22,2025-07-10 16:53:22,C008
핵심 리눅스 워크북,정현우,데이터하우스,3757629595665,23,2025-04-20 16:53:22,C007
실전 리눅스 워크북,최지우,데이터하우스,5474227593773,46,2025-02-25 16:53:22,C006
핵심 자바 기초와 응용,박민수,IT미디어,3589850523740,31,2025-08-24 16:53:22,C019
클린 마이SQL 기초와 응용,정현우,코딩월드,2455759283533,15,2025-05-04 16:53:22,C018
초보자를 위한 마이SQL 정석,김철수,디지털북스,6528091458908,39,2025-05-18 16:53:22,C010
실전 리눅스 정석,강민주,코딩월드,7387770983461,8,2025-01-23 16:53:22,C006
고급 리눅스 프로그래밍,최지우,데이터하우스,6588924612483,25,2025-04-23 16:53:22,C012
입문 오라클 기초와 응용,김철수,IT미디어,6215854230754,44,2025-03-02 16:53:22,C001
입문 자바 프로그래밍,이영희,데이터하우스,3107966196840,40,2025-07-28 16:53:22,C006
핵심 도커 워크북,정현우,데이터하우스,7472447169767,50,2026-01-21 16:53:22,C004
실전 파이썬 가이드,정현우,데이터하우스,1589171117837,24,2025-03-01 16:53:22,C003
초보자를 위한 스위프트 가이드,정현우,데이터하우스,8894790996107,20,2025-03-24 16:53:22,C013
초보자를 위한 스위프트 가이드,박민수,코딩월드,5905062662035,13,2025-01-26 16:53:22,C009
초보자를 위한 리눅스 워크북,이영희,IT미디어,9350777945294,45,2026-02-25 16:53:22,C020
초보자를 위한 도커 프로그래밍,최지우,코딩월드,1982173010234,10,2025-04-04 16:53:22,C003
고급 마이SQL 컴플리트 가이드,강민주,디지털북스,9779356713944,17,2025-04-19 16:53:22,C005
실전 텐서플로 워크북,최지우,데이터하우스,8095569551880,32,2025-12-31 16:53:22,C016
실전 마이SQL 프로그래밍,이영희,IT미디어,2547629558868,42,2025-11-07 16:53:22,C017
모던 텐서플로 컴플리트 가이드,최지우,디지털북스,3981280876019,11,2026-04-04 16:53:22,C009
클린 텐서플로 정석,정현우,데이터하우스,9480768248626,47,2025-11-09 16:53:22,C010
고급 자바 워크북,최지우,데이터하우스,5872922859958,34,2025-05-02 16:53:22,C003
실전 리눅스 정석,김철수,디지털북스,5021039324041,30,2025-02-22 16:53:22,C007
입문 리눅스 정석,박민수,IT미디어,8340637147162,7,2025-11-12 16:53:22,C019
마스터링 리눅스 정석,박민수,디지털북스,0355931241242,37,2025-01-29 16:53:22,C003
실전 텐서플로 가이드,강민주,코딩월드,4925044068399,44,2025-11-13 16:53:22,C013
입문 자바 기초와 응용,강민주,코딩월드,0019524990679,12,2025-10-05 16:53:22,C013
모던 오라클 기초와 응용,김철수,데이터하우스,0804605723869,32,2025-09-08 16:53:22,C005
마스터링 쿠버네티스 가이드,이영희,IT미디어,1835110915507,40,2025-08-04 16:53:22,C007
모던 오라클 워크북,이영희,IT미디어,2989154814742,6,2025-11-30 16:53:22,C007
클린 자바 컴플리트 가이드,김철수,코딩월드,7374532564924,50,2025-09-08 16:53:22,C012
마스터링 텐서플로 가이드,이영희,디지털북스,8269912040619,31,2025-09-09 16:53:22,C006
입문 텐서플로 프로그래밍,최지우,데이터하우스,3878922684300,43,2026-02-26 16:53:22,C002
초보자를 위한 스위프트 정석,이영희,IT미디어,8577340106560,44,2025-04-11 16:53:22,C013
고급 Go언어 기초와 응용,강민주,코딩월드,1718070843356,40,2025-02-06 16:53:22,C010
모던 파이썬 컴플리트 가이드,이영희,디지털북스,6040982521917,43,2025-04-09 16:53:22,C017
클린 도커 기초와 응용,김철수,IT미디어,2820587332818,13,2026-03-20 16:53:22,C004
모던 자바 컴플리트 가이드,정현우,데이터하우스,0105230882107,29,2026-02-14 16:53:22,C014
실전 파이썬 기초와 응용,김철수,코딩월드,9440554092427,47,2025-07-12 16:53:22,C003
고급 오라클 가이드,정현우,코딩월드,3087247595036,42,2025-11-05 16:53:22,C018
초보자를 위한 스위프트 워크북,최지우,IT미디어,6499892395542,37,2025-11-24 16:53:22,C017
실전 리눅스 기초와 응용,박민수,디지털북스,1037448187201,39,2025-09-09 16:53:22,C020
마스터링 자바 컴플리트 가이드,박민수,IT미디어,4581480356311,40,2025-07-30 16:53:22,C020
실전 리눅스 컴플리트 가이드,박민수,IT미디어,4916607705670,37,2025-01-23 16:53:22,C011
클린 Go언어 프로그래밍,김철수,코딩월드,3542985797066,48,2025-09-01 16:53:22,C020
모던 스위프트 정석,최지우,디지털북스,4432140550778,11,2026-01-12 16:53:22,C010
클린 마이SQL 프로그래밍,최지우,코딩월드,7818215078533,14,2025-04-15 16:53:22,C012
고급 리눅스 기초와 응용,정현우,데이터하우스,3228278349571,21,2024-12-05 16:53:22,C008
실전 텐서플로 가이드,이영희,디지털북스,7364480224719,13,2025-08-28 16:53:22,C017
고급 도커 워크북,최지우,디지털북스,9834049084095,35,2024-12-25 16:53:22,C017
마스터링 파이썬 정석,김철수,디지털북스,2974478290657,43,2025-12-19 16:53:22,C010
마스터링 파이썬 기초와 응용,이영희,IT미디어,9818263667314,33,2024-12-08 16:53:22,C003
고급 자바 바이블,김철수,IT미디어,7750838319443,50,2026-03-21 16:53:22,C010
입문 Go언어 가이드,정현우,데이터하우스,6373634734008,24,2025-08-04 16:53:22,C006
모던 도커 기초와 응용,이영희,코딩월드,6232173013430,21,2025-03-21 16:53:22,C015
고급 자바 정석,정현우,IT미디어,7695822623046,32,2025-04-27 16:53:22,C016
모던 도커 기초와 응용,김철수,IT미디어,5896923626702,14,2025-08-11 16:53:22,C016
실전 오라클 컴플리트 가이드,이영희,IT미디어,0952587006999,19,2026-01-08 16:53:22,C004
초보자를 위한 Go언어 기초와 응용,정현우,IT미디어,4198939553937,42,2024-12-01 16:53:22,C015
마스터링 텐서플로 바이블,최지우,데이터하우스,1470733453510,6,2025-01-09 16:53:22,C016
초보자를 위한 자바 프로그래밍,최지우,데이터하우스,4199089264900,11,2025-10-17 16:53:22,C008
고급 오라클 정석,김철수,디지털북스,0969138729092,39,2025-05-16 16:53:22,C014
마스터링 오라클 정석,강민주,IT미디어,5528910412212,16,2025-04-15 16:53:22,C009
모던 자바 컴플리트 가이드,이영희,코딩월드,3409003835221,27,2026-02-14 16:53:22,C010
입문 파이썬 워크북,김철수,디지털북스,7316496715686,39,2026-02-24 16:53:22,C019
초보자를 위한 파이썬 가이드,강민주,IT미디어,1088703427626,37,2026-02-15 16:53:22,C001
실전 자바 가이드,최지우,디지털북스,4002457288520,49,2026-01-24 16:53:22,C017
고급 스위프트 기초와 응용,정현우,데이터하우스,0562699685211,37,2025-12-27 16:53:22,C012
입문 마이SQL 바이블,강민주,IT미디어,9146903436106,45,2025-12-26 16:53:22,C003
입문 Go언어 정석,정현우,데이터하우스,5879312692014,7,2025-04-14 16:53:22,C011
실전 텐서플로 워크북,최지우,데이터하우스,9830585348568,35,2026-03-23 16:53:22,C009
실전 자바 가이드,최지우,디지털북스,0011592126834,9,2025-08-08 16:53:22,C009
모던 오라클 바이블,정현우,디지털북스,1344257686951,43,2025-09-10 16:53:22,C007
핵심 파이썬 정석,정현우,IT미디어,7433141283527,46,2025-11-14 16:53:22,C005
실전 자바 기초와 응용,정현우,데이터하우스,9579439885028,44,2025-12-18 16:53:22,C002
고급 도커 정석,박민수,데이터하우스,8439060939799,27,2025-02-01 16:53:22,C012
마스터링 마이SQL 컴플리트 가이드,박민수,데이터하우스,2130439194485,15,2026-03-10 16:53:22,C018
핵심 파이썬 프로그래밍,최지우,디지털북스,2967319059668,33,2026-03-18 16:53:22,C011
핵심 마이SQL 기초와 응용,김철수,디지털북스,1971327075256,49,2026-02-27 16:53:22,C007
모던 도커 정석,박민수,IT미디어,3654068800400,17,2025-11-28 16:53:22,C020
고급 쿠버네티스 컴플리트 가이드,강민주,코딩월드,0104876575091,48,2025-02-07 16:53:22,C009
입문 도커 정석,박민수,디지털북스,0430874139114,13,2025-05-27 16:53:22,C018
고급 마이SQL 가이드,박민수,IT미디어,2145031668350,30,2025-11-26 16:53:22,C019
클린 자바 바이블,강민주,코딩월드,2385180450543,7,2026-01-13 16:53:22,C003
고급 리눅스 바이블,강민주,코딩월드,1970821718806,17,2025-03-18 16:53:22,C008
고급 Go언어 정석,정현우,디지털북스,3535662522598,45,2025-03-02 16:53:22,C014
핵심 마이SQL 정석,정현우,코딩월드,9332234480614,23,2026-02-16 16:53:22,C017
입문 Go언어 기초와 응용,최지우,코딩월드,3137652542279,20,2025-04-12 16:53:22,C006
모던 파이썬 바이블,정현우,디지털북스,4673337849904,44,2025-08-25 16:53:22,C007
모던 Go언어 워크북,최지우,코딩월드,0239119297923,16,2026-02-18 16:53:22,C013
클린 파이썬 컴플리트 가이드,정현우,IT미디어,3824403004100,40,2026-03-06 16:53:22,C001
클린 스위프트 컴플리트 가이드,정현우,코딩월드,0713761536130,21,2025-07-31 16:53:22,C001
클린 스위프트 가이드,김철수,데이터하우스,8793186737980,33,2025-05-09 16:53:22,C005
입문 Go언어 프로그래밍,김철수,IT미디어,0200670488749,24,2025-06-02 16:53:22,C013
마스터링 스위프트 정석,김철수,IT미디어,6566912387867,10,2025-03-12 16:53:22,C014
실전 텐서플로 바이블,이영희,코딩월드,3525941431418,14,2025-10-27 16:53:22,C004
고급 마이SQL 기초와 응용,이영희,IT미디어,9725967868254,8,2025-02-26 16:53:22,C014
실전 자바 기초와 응용,최지우,디지털북스,2161855138996,11,2025-06-19 16:53:22,C001
초보자를 위한 마이SQL 기초와 응용,김철수,데이터하우스,1864010270244,17,2025-02-07 16:53:22,C006
클린 오라클 정석,정현우,코딩월드,6718543294891,7,2025-07-02 16:53:22,C016
실전 스위프트 워크북,박민수,IT미디어,0647700730193,25,2025-08-07 16:53:22,C013
실전 파이썬 기초와 응용,정현우,IT미디어,9286741567660,27,2025-11-04 16:53:22,C019
마스터링 Go언어 가이드,김철수,코딩월드,8943718272946,20,2025-02-28 16:53:22,C012
고급 Go언어 프로그래밍,최지우,데이터하우스,3549699448785,39,2025-05-03 16:53:22,C014
초보자를 위한 텐서플로 프로그래밍,이영희,데이터하우스,9690306701790,19,2024-12-25 16:53:22,C003
고급 텐서플로 프로그래밍,박민수,데이터하우스,7300067147989,32,2025-08-14 16:53:22,C013
마스터링 자바 가이드,김철수,데이터하우스,5888411023767,41,2025-07-22 16:53:22,C016
모던 리눅스 프로그래밍,강민주,IT미디어,3069778005981,18,2025-10-30 16:53:22,C006
초보자를 위한 오라클 가이드,정현우,디지털북스,8422557732367,12,2025-04-29 16:53:22,C009
핵심 쿠버네티스 기초와 응용,정현우,IT미디어,6987919271068,28,2025-01-18 16:53:22,C008
모던 마이SQL 프로그래밍,김철수,IT미디어,5601994340677,5,2025-12-18 16:53:22,C010
클린 자바 프로그래밍,이영희,코딩월드,8085630278815,42,2025-05-29 16:53:22,C018
초보자를 위한 텐서플로 가이드,강민주,디지털북스,9324884174839,40,2025-07-17 16:53:22,C012
마스터링 스위프트 컴플리트 가이드,김철수,데이터하우스,1759441503852,26,2025-08-26 16:53:22,C019
모던 Go언어 워크북,강민주,IT미디어,3234465471111,37,2025-04-12 16:53:22,C011
실전 오라클 바이블,이영희,데이터하우스,2409019200647,39,2026-03-24 16:53:22,C002
초보자를 위한 Go언어 가이드,강민주,디지털북스,0514118632052,29,2025-12-14 16:53:22,C007
실전 마이SQL 프로그래밍,박민수,IT미디어,9867474593945,44,2026-01-07 16:53:22,C004
초보자를 위한 자바 바이블,정현우,코딩월드,8529842229533,11,2025-11-20 16:53:22,C001
고급 파이썬 바이블,정현우,데이터하우스,8334718481910,49,2025-10-10 16:53:22,C016
마스터링 자바 프로그래밍,강민주,IT미디어,9904436167736,46,2025-03-02 16:53:22,C009
핵심 스위프트 컴플리트 가이드,박민수,IT미디어,4368302449401,25,2026-03-05 16:53:22,C008
실전 자바 컴플리트 가이드,박민수,코딩월드,4581157560121,34,2025-08-18 16:53:22,C012
마스터링 쿠버네티스 가이드,김철수,코딩월드,0635067581741,21,2024-12-13 16:53:22,C014
입문 쿠버네티스 컴플리트 가이드,이영희,IT미디어,9710577018940,36,2026-01-16 16:53:22,C018
핵심 자바 바이블,박민수,코딩월드,1143132713314,13,2025-12-30 16:53:22,C008
클린 자바 가이드,최지우,IT미디어,8507317124142,29,2025-04-26 16:53:22,C016
핵심 마이SQL 가이드,이영희,IT미디어,2215244243873,39,2025-01-25 16:53:22,C011
마스터링 자바 워크북,박민수,IT미디어,0908330624554,6,2025-09-13 16:53:22,C009
고급 도커 컴플리트 가이드,최지우,코딩월드,7151739433171,45,2026-04-10 16:53:22,C009
고급 도커 컴플리트 가이드,강민주,코딩월드,0258130238721,17,2025-05-13 16:53:22,C017
마스터링 텐서플로 바이블,김철수,코딩월드,3753409433387,16,2025-12-21 16:53:22,C019
핵심 텐서플로 기초와 응용,이영희,디지털북스,8867666297866,21,2025-04-05 16:53:22,C016
모던 스위프트 프로그래밍,강민주,디지털북스,4605910043697,41,2026-01-02 16:53:22,C016
모던 도커 정석,최지우,데이터하우스,2482225651505,13,2025-08-09 16:53:22,C020
고급 리눅스 기초와 응용,정현우,코딩월드,4778469231309,34,2025-12-29 16:53:22,C007
고급 파이썬 바이블,이영희,디지털북스,6010840952056,13,2026-01-01 16:53:22,C013
핵심 자바 컴플리트 가이드,김철수,디지털북스,9196829174809,33,2025-03-21 16:53:22,C017
핵심 리눅스 프로그래밍,최지우,데이터하우스,8966075982561,13,2025-03-13 16:53:22,C003
초보자를 위한 텐서플로 프로그래밍,김철수,디지털북스,8607983773725,46,2026-03-03 16:53:22,C013
마스터링 스위프트 기초와 응용,강민주,IT미디어,6547359047304,6,2026-02-12 16:53:22,C019
고급 스위프트 워크북,강민주,데이터하우스,8270887285828,12,2026-01-26 16:53:22,C018
핵심 스위프트 바이블,정현우,데이터하우스,2399172861224,44,2026-03-20 16:53:22,C016
모던 스위프트 워크북,박민수,코딩월드,2326562429441,17,2026-03-17 16:53:22,C002
입문 파이썬 워크북,김철수,디지털북스,5180238685191,50,2025-09-27 16:53:22,C016
입문 파이썬 가이드,강민주,데이터하우스,1937470891700,32,2025-05-08 16:53:22,C016
실전 오라클 워크북,강민주,디지털북스,3909707923766,18,2025-11-19 16:53:22,C016
핵심 Go언어 워크북,김철수,IT미디어,4245278199286,39,2025-06-22 16:53:22,C003
실전 Go언어 정석,정현우,디지털북스,4549113541803,27,2025-05-01 16:53:22,C018
입문 텐서플로 바이블,김철수,데이터하우스,7882280827050,41,2026-02-13 16:53:22,C001
고급 마이SQL 기초와 응용,최지우,코딩월드,3590691242020,25,2025-03-23 16:53:22,C002
마스터링 쿠버네티스 정석,박민수,데이터하우스,0462726974135,10,2025-06-16 16:53:22,C019
실전 파이썬 프로그래밍,김철수,코딩월드,7258100991469,21,2025-10-15 16:53:22,C009
핵심 파이썬 정석,김철수,디지털북스,8494315816721,12,2025-05-18 16:53:22,C016
모던 스위프트 워크북,강민주,데이터하우스,1639208536208,49,2025-07-02 16:53:22,C017
실전 Go언어 가이드,최지우,코딩월드,8851454223517,24,2025-07-16 16:53:22,C008
실전 리눅스 컴플리트 가이드,최지우,데이터하우스,5702918047752,30,2025-12-26 16:53:22,C018
초보자를 위한 텐서플로 기초와 응용,최지우,데이터하우스,7520259818078,45,2025-11-02 16:53:22,C020
마스터링 마이SQL 기초와 응용,최지우,데이터하우스,1025915575049,8,2025-11-03 16:53:22,C003
입문 오라클 프로그래밍,이영희,코딩월드,2313592863707,28,2025-03-23 16:53:22,C018
마스터링 리눅스 프로그래밍,이영희,IT미디어,0348678276571,7,2025-06-08 16:53:22,C004
고급 마이SQL 기초와 응용,김철수,코딩월드,4637561202980,41,2025-07-06 16:53:22,C014
모던 오라클 컴플리트 가이드,박민수,IT미디어,9286204312172,18,2025-04-27 16:53:22,C003
클린 스위프트 워크북,최지우,IT미디어,3889274160541,35,2026-03-28 16:53:22,C004
실전 리눅스 가이드,정현우,IT미디어,5183382869627,17,2026-03-30 16:53:22,C009
고급 도커 컴플리트 가이드,김철수,데이터하우스,2013146170317,11,2026-03-31 16:53:22,C003
입문 자바 워크북,이영희,디지털북스,4706159826521,11,2025-09-05 16:53:22,C009
핵심 Go언어 바이블,박민수,데이터하우스,7542315550212,17,2025-09-03 16:53:22,C011
실전 리눅스 프로그래밍,최지우,IT미디어,2722199819451,35,2025-01-21 16:53:22,C015
고급 리눅스 가이드,김철수,데이터하우스,9783733491362,30,2025-07-10 16:53:22,C011
고급 텐서플로 컴플리트 가이드,강민주,코딩월드,5413913282157,11,2025-11-06 16:53:22,C016
고급 도커 컴플리트 가이드,이영희,IT미디어,9367056809631,39,2025-07-16 16:53:22,C017
고급 리눅스 프로그래밍,이영희,데이터하우스,8837643330034,22,2026-01-15 16:53:22,C005
초보자를 위한 자바 워크북,강민주,데이터하우스,1595943899868,46,2025-03-17 16:53:22,C013
마스터링 파이썬 정석,강민주,디지털북스,9954073112653,20,2025-09-04 16:53:22,C015
입문 오라클 정석,최지우,디지털북스,9998171766163,27,2025-03-23 16:53:22,C003
입문 파이썬 정석,이영희,코딩월드,2045723823179,50,2025-12-20 16:53:22,C009
실전 자바 정석,최지우,코딩월드,2653117322345,45,2025-01-28 16:53:22,C002
실전 텐서플로 프로그래밍,강민주,데이터하우스,6839323562295,50,2025-07-05 16:53:22,C009
모던 Go언어 프로그래밍,정현우,디지털북스,2014184162858,13,2025-11-01 16:53:22,C008
마스터링 파이썬 가이드,최지우,데이터하우스,0546381710732,48,2026-03-29 16:53:22,C019
모던 리눅스 컴플리트 가이드,강민주,디지털북스,7450144730818,21,2026-01-31 16:53:22,C009
핵심 리눅스 워크북,이영희,코딩월드,4808392161625,28,2025-03-16 16:53:22,C005
실전 쿠버네티스 워크북,강민주,코딩월드,9434391253394,30,2025-03-31 16:53:22,C014
모던 텐서플로 워크북,강민주,디지털북스,0010998986935,36,2025-05-13 16:53:22,C004
초보자를 위한 오라클 바이블,강민주,디지털북스,3797586681883,41,2025-03-28 16:53:22,C006
마스터링 스위프트 워크북,최지우,데이터하우스,2249777009728,17,2026-02-06 16:53:22,C009
모던 마이SQL 프로그래밍,박민수,IT미디어,3733687020575,47,2026-01-02 16:53:22,C016
모던 자바 가이드,강민주,데이터하우스,7352858900994,11,2025-05-16 16:53:22,C004
마스터링 텐서플로 가이드,강민주,IT미디어,6869686871117,46,2025-12-31 16:53:22,C018
고급 마이SQL 컴플리트 가이드,이영희,IT미디어,9418213235760,25,2025-07-30 16:53:22,C009
모던 도커 바이블,김철수,IT미디어,4908894787469,11,2025-01-21 16:53:22,C008
초보자를 위한 리눅스 워크북,김철수,데이터하우스,2401843571187,35,2026-01-15 16:53:22,C018
모던 Go언어 기초와 응용,박민수,데이터하우스,2711711545684,49,2025-10-31 16:53:22,C001
핵심 Go언어 프로그래밍,김철수,코딩월드,8093398643230,12,2025-10-11 16:53:22,C008
마스터링 리눅스 워크북,이영희,데이터하우스,5480892519136,32,2025-08-11 16:53:22,C008
실전 오라클 정석,정현우,코딩월드,9780378987856,23,2026-01-03 16:53:22,C005
마스터링 리눅스 워크북,김철수,코딩월드,8949439534407,6,2025-03-16 16:53:22,C017
실전 Go언어 워크북,최지우,데이터하우스,3315010049284,36,2025-09-21 16:53:22,C002
클린 파이썬 가이드,이영희,코딩월드,4526569076259,34,2025-03-29 16:53:22,C010
실전 도커 프로그래밍,박민수,IT미디어,4126188261898,33,2025-08-14 16:53:22,C018
실전 마이SQL 컴플리트 가이드,강민주,데이터하우스,9850659927609,17,2025-08-26 16:53:22,C015
초보자를 위한 도커 정석,이영희,코딩월드,5404310917068,35,2026-01-06 16:53:22,C004
고급 도커 워크북,박민수,IT미디어,9577855455051,34,2025-05-07 16:53:22,C009
입문 오라클 컴플리트 가이드,이영희,IT미디어,6173887991226,8,2025-04-18 16:53:22,C020
입문 파이썬 정석,김철수,디지털북스,2889240781044,29,2025-03-02 16:53:22,C003
실전 파이썬 프로그래밍,정현우,데이터하우스,6636082617001,43,2025-01-13 16:53:22,C018
모던 스위프트 컴플리트 가이드,강민주,디지털북스,6283154378852,21,2026-01-06 16:53:22,C015
실전 파이썬 정석,박민수,디지털북스,6833352921260,23,2024-12-22 16:53:22,C010
입문 자바 프로그래밍,이영희,데이터하우스,5677681217169,41,2025-08-30 16:53:22,C003
마스터링 오라클 정석,김철수,데이터하우스,4648001441198,20,2025-11-10 16:53:22,C002
모던 쿠버네티스 워크북,강민주,IT미디어,9768265821348,25,2025-03-06 16:53:22,C011
초보자를 위한 쿠버네티스 바이블,최지우,코딩월드,0133159994476,18,2026-03-08 16:53:22,C006
고급 마이SQL 워크북,박민수,데이터하우스,5320152114416,28,2025-06-15 16:53:22,C019
실전 마이SQL 컴플리트 가이드,정현우,데이터하우스,5482325700215,36,2026-01-06 16:53:22,C018
입문 파이썬 바이블,최지우,데이터하우스,6735328013530,10,2025-10-29 16:53:22,C010
모던 Go언어 워크북,최지우,디지털북스,0120181128933,36,2025-10-31 16:53:22,C010
초보자를 위한 쿠버네티스 기초와 응용,최지우,코딩월드,5276800961719,50,2025-01-06 16:53:22,C015
핵심 파이썬 컴플리트 가이드,이영희,디지털북스,5862982281943,45,2024-12-19 16:53:22,C005
마스터링 파이썬 기초와 응용,박민수,디지털북스,1615849752231,23,2026-02-01 16:53:22,C008
마스터링 마이SQL 가이드,이영희,디지털북스,6809559719357,26,2025-12-01 16:53:22,C020
마스터링 오라클 기초와 응용,김철수,IT미디어,8148851472600,10,2025-03-29 16:53:22,C017
실전 텐서플로 바이블,이영희,코딩월드,0528644952266,36,2026-03-06 16:53:22,C007
실전 파이썬 프로그래밍,강민주,디지털북스,1186639340788,41,2026-03-31 16:53:22,C004
고급 오라클 컴플리트 가이드,박민수,코딩월드,7752737899769,9,2025-08-04 16:53:22,C011
클린 리눅스 바이블,정현우,디지털북스,8431843622095,32,2025-02-25 16:53:22,C003
초보자를 위한 도커 워크북,이영희,IT미디어,0777352191936,23,2026-01-19 16:53:22,C010
입문 마이SQL 워크북,정현우,디지털북스,3432494464878,21,2025-09-13 16:53:22,C002
고급 자바 기초와 응용,김철수,코딩월드,3724413718631,15,2025-10-11 16:53:22,C004
입문 자바 바이블,최지우,코딩월드,1313202033328,36,2025-05-11 16:53:22,C017
고급 파이썬 정석,최지우,디지털북스,9190865524884,44,2025-05-07 16:53:22,C002
마스터링 파이썬 컴플리트 가이드,정현우,IT미디어,8768796411694,25,2025-10-29 16:53:22,C017
마스터링 파이썬 기초와 응용,이영희,데이터하우스,9628751683800,41,2026-01-10 16:53:22,C008
클린 쿠버네티스 컴플리트 가이드,박민수,IT미디어,0113396948105,37,2025-05-24 16:53:22,C009
핵심 텐서플로 바이블,김철수,데이터하우스,8169381651811,6,2024-12-19 16:53:22,C005
실전 Go언어 기초와 응용,이영희,디지털북스,6685242961885,45,2025-09-07 16:53:22,C017
핵심 마이SQL 프로그래밍,정현우,데이터하우스,1705711715341,37,2024-12-08 16:53:22,C006
클린 도커 기초와 응용,이영희,코딩월드,5789455253078,37,2026-01-14 16:53:22,C018
입문 마이SQL 워크북,최지우,디지털북스,2768407545772,5,2025-02-22 16:53:22,C001
모던 마이SQL 프로그래밍,정현우,IT미디어,7751072085561,30,2026-02-13 16:53:22,C018
실전 파이썬 프로그래밍,강민주,코딩월드,7824455362583,36,2025-10-31 16:53:22,C011
초보자를 위한 텐서플로 바이블,박민수,디지털북스,1818484457083,49,2026-04-03 16:53:22,C011
고급 오라클 컴플리트 가이드,박민수,데이터하우스,4129223921018,41,2025-09-01 16:53:22,C020
실전 파이썬 컴플리트 가이드,이영희,디지털북스,3877579340554,43,2025-10-29 16:53:22,C017
입문 Go언어 컴플리트 가이드,박민수,IT미디어,3263471667517,15,2025-02-12 16:53:22,C020
고급 스위프트 바이블,김철수,코딩월드,7312784927733,44,2026-01-02 16:53:22,C002
클린 마이SQL 가이드,김철수,IT미디어,7703506308257,40,2025-08-24 16:53:22,C008
클린 오라클 바이블,이영희,IT미디어,0728066391905,44,2025-07-02 16:53:22,C016
고급 자바 컴플리트 가이드,정현우,데이터하우스,3818320073462,8,2025-05-28 16:53:22,C013
고급 Go언어 프로그래밍,강민주,IT미디어,3095988446714,45,2025-06-30 16:53:22,C001
마스터링 쿠버네티스 바이블,김철수,IT미디어,3947866290635,29,2025-07-09 16:53:22,C016
입문 자바 가이드,최지우,데이터하우스,8992576124481,34,2025-04-06 16:53:22,C015
고급 오라클 워크북,최지우,IT미디어,6796989612664,13,2025-10-10 16:53:22,C011
클린 마이SQL 정석,이영희,데이터하우스,5616710549135,21,2025-04-18 16:53:22,C017
마스터링 텐서플로 기초와 응용,이영희,코딩월드,4319291472320,17,2025-08-28 16:53:22,C006
마스터링 자바 컴플리트 가이드,김철수,IT미디어,8983814525127,18,2025-03-13 16:53:22,C009
마스터링 도커 워크북,박민수,IT미디어,5344762060983,42,2025-01-11 16:53:22,C016
클린 스위프트 워크북,정현우,IT미디어,7189766702617,16,2025-07-29 16:53:22,C018
클린 오라클 워크북,김철수,데이터하우스,8344486901340,29,2025-03-25 16:53:22,C002
초보자를 위한 스위프트 정석,이영희,코딩월드,2875599760069,34,2025-12-18 16:53:22,C004
클린 오라클 기초와 응용,강민주,데이터하우스,7881623554981,46,2025-07-14 16:53:22,C006
입문 자바 워크북,정현우,디지털북스,8426440539116,37,2025-11-21 16:53:22,C020
클린 도커 프로그래밍,박민수,데이터하우스,8740186754417,29,2025-10-26 16:53:22,C019
고급 텐서플로 바이블,김철수,코딩월드,2103920958509,29,2025-02-20 16:53:22,C012
입문 쿠버네티스 프로그래밍,이영희,코딩월드,3031309495731,26,2025-09-30 16:53:22,C006
고급 도커 워크북,정현우,디지털북스,4308970024223,18,2026-03-13 16:53:22,C014
모던 파이썬 워크북,최지우,디지털북스,4315862853516,16,2024-12-03 16:53:22,C001
모던 텐서플로 바이블,이영희,디지털북스,7535842302085,41,2025-12-11 16:53:22,C009
핵심 쿠버네티스 정석,최지우,데이터하우스,0832301694479,36,2026-02-11 16:53:22,C015
마스터링 오라클 프로그래밍,이영희,IT미디어,8084757063600,8,2026-01-13 16:53:22,C006
핵심 리눅스 프로그래밍,강민주,IT미디어,8606308345372,23,2025-02-28 16:53:22,C010
마스터링 자바 바이블,박민수,IT미디어,3159141616302,16,2025-03-05 16:53:22,C016
모던 파이썬 기초와 응용,이영희,데이터하우스,2620436454593,10,2025-04-29 16:53:22,C018
모던 쿠버네티스 바이블,최지우,데이터하우스,3610154934467,48,2025-10-26 16:53:22,C010
클린 자바 정석,강민주,디지털북스,5156216112169,30,2025-03-04 16:53:22,C011
초보자를 위한 쿠버네티스 정석,박민수,데이터하우스,9809661487012,9,2025-02-09 16:53:22,C019
클린 오라클 정석,정현우,코딩월드,2524143997708,5,2025-06-15 16:53:22,C010
핵심 Go언어 프로그래밍,김철수,데이터하우스,2305164257836,45,2025-06-30 16:53:22,C009
고급 오라클 가이드,김철수,코딩월드,8897347352701,10,2024-11-26 16:53:22,C017
클린 스위프트 기초와 응용,김철수,IT미디어,2287925781660,20,2025-11-07 16:53:22,C016
모던 도커 워크북,김철수,코딩월드,1628908044572,17,2025-08-05 16:53:22,C007
초보자를 위한 도커 프로그래밍,정현우,IT미디어,0092392562312,21,2025-05-25 16:53:22,C019
입문 오라클 가이드,최지우,코딩월드,3824079060081,34,2025-10-10 16:53:22,C001
클린 쿠버네티스 바이블,김철수,데이터하우스,4250620552477,32,2025-02-14 16:53:22,C004
실전 도커 정석,박민수,디지털북스,0676191836405,10,2026-03-03 16:53:22,C005
실전 스위프트 정석,최지우,IT미디어,9519858043674,40,2024-12-19 16:53:22,C020
클린 마이SQL 컴플리트 가이드,박민수,데이터하우스,5571327245038,33,2025-04-27 16:53:22,C012
모던 마이SQL 프로그래밍,강민주,IT미디어,7312281074596,36,2026-01-28 16:53:22,C003
모던 마이SQL 가이드,박민수,코딩월드,8359407515235,43,2025-01-20 16:53:22,C010
실전 마이SQL 기초와 응용,박민수,코딩월드,5279577310939,24,2026-02-08 16:53:22,C004
클린 오라클 정석,최지우,데이터하우스,7256112465581,6,2025-09-18 16:53:22,C005
모던 마이SQL 프로그래밍,김철수,디지털북스,5091942968311,39,2025-04-16 16:53:22,C016
모던 도커 바이블,김철수,디지털북스,3193707877191,34,2025-09-09 16:53:22,C015
고급 쿠버네티스 워크북,강민주,데이터하우스,8041476385853,36,2025-11-16 16:53:22,C008
고급 쿠버네티스 컴플리트 가이드,박민수,디지털북스,0720164006702,43,2025-05-17 16:53:22,C018
실전 쿠버네티스 바이블,김철수,코딩월드,0062276015332,17,2026-02-22 16:53:22,C006
고급 파이썬 정석,정현우,데이터하우스,8679602281719,17,2025-04-27 16:53:22,C016
초보자를 위한 텐서플로 컴플리트 가이드,김철수,코딩월드,7023030115124,13,2025-04-07 16:53:22,C001
입문 텐서플로 정석,정현우,디지털북스,3482849279242,44,2025-03-09 16:53:22,C006
초보자를 위한 쿠버네티스 워크북,강민주,IT미디어,1328451655035,21,2025-06-24 16:53:22,C012
핵심 쿠버네티스 워크북,이영희,코딩월드,4391647171331,38,2026-01-27 16:53:22,C002
실전 텐서플로 바이블,박민수,IT미디어,7533470693436,28,2025-12-18 16:53:22,C007
고급 스위프트 바이블,최지우,코딩월드,8940351315875,50,2026-03-30 16:53:22,C005
마스터링 리눅스 정석,강민주,IT미디어,7420211286115,38,2025-12-24 16:53:22,C006
고급 도커 기초와 응용,정현우,데이터하우스,9308576078578,22,2026-02-26 16:53:22,C011
초보자를 위한 쿠버네티스 가이드,강민주,코딩월드,8960046004609,28,2026-01-27 16:53:22,C006
실전 자바 바이블,김철수,IT미디어,8242769747745,46,2026-02-24 16:53:22,C017
마스터링 오라클 워크북,박민수,디지털북스,2584057317714,10,2025-09-29 16:53:22,C020
클린 스위프트 정석,김철수,IT미디어,5185451075433,5,2024-12-29 16:53:22,C019
고급 쿠버네티스 프로그래밍,이영희,IT미디어,5185275062076,10,2025-01-20 16:53:22,C015
실전 쿠버네티스 컴플리트 가이드,이영희,디지털북스,6762886346899,48,2025-07-20 16:53:22,C005
클린 파이썬 컴플리트 가이드,정현우,데이터하우스,3658034519803,23,2026-01-09 16:53:22,C013
마스터링 텐서플로 워크북,강민주,IT미디어,9465600674955,50,2025-05-07 16:53:22,C019
모던 도커 정석,이영희,디지털북스,4626495537379,36,2025-05-04 16:53:22,C004
모던 스위프트 가이드,강민주,코딩월드,9587601238200,40,2025-10-14 16:53:22,C010
핵심 스위프트 기초와 응용,강민주,IT미디어,2749906797619,9,2025-07-20 16:53:22,C005
입문 리눅스 워크북,강민주,IT미디어,1481680645554,50,2026-03-23 16:53:22,C015
입문 자바 기초와 응용,이영희,디지털북스,9077120149207,41,2025-08-14 16:53:22,C007
입문 텐서플로 정석,강민주,데이터하우스,9240541115680,8,2025-06-10 16:53:22,C017
클린 리눅스 정석,박민수,코딩월드,2795179838042,29,2025-09-04 16:53:22,C006
클린 오라클 워크북,이영희,디지털북스,6631233518840,10,2025-02-27 16:53:22,C001
실전 자바 가이드,정현우,데이터하우스,2947136456796,38,2025-08-21 16:53:22,C006
핵심 도커 바이블,최지우,디지털북스,1368953049653,13,2025-10-04 16:53:22,C003
초보자를 위한 오라클 바이블,정현우,데이터하우스,4265094923669,6,2025-01-06 16:53:22,C020
입문 리눅스 정석,정현우,IT미디어,6686224054070,43,2025-12-23 16:53:22,C002
입문 텐서플로 프로그래밍,김철수,디지털북스,0867257822222,40,2025-09-07 16:53:22,C013
클린 자바 가이드,강민주,데이터하우스,8902837884635,41,2026-03-04 16:53:22,C005
고급 오라클 워크북,이영희,IT미디어,4774565365806,50,2026-03-11 16:53:22,C009
초보자를 위한 리눅스 기초와 응용,이영희,IT미디어,2158278267620,38,2025-07-02 16:53:22,C018
고급 쿠버네티스 워크북,강민주,데이터하우스,3820292019425,14,2025-08-28 16:53:22,C002
초보자를 위한 리눅스 가이드,김철수,데이터하우스,0462781007142,20,2025-01-30 16:53:22,C014
핵심 자바 기초와 응용,이영희,데이터하우스,7099525194619,35,2025-04-03 16:53:22,C019
클린 도커 바이블,강민주,IT미디어,5232428098595,22,2026-01-12 16:53:22,C014
입문 도커 바이블,김철수,디지털북스,0776711883571,15,2025-03-11 16:53:22,C002
고급 텐서플로 컴플리트 가이드,박민수,IT미디어,5909351571473,17,2024-12-30 16:53:22,C020
클린 텐서플로 컴플리트 가이드,강민주,디지털북스,1560327661607,28,2026-01-17 16:53:22,C014
클린 마이SQL 바이블,최지우,데이터하우스,8729278407433,31,2024-12-08 16:53:22,C004
마스터링 자바 정석,이영희,디지털북스,3188951560331,12,2025-08-16 16:53:22,C006
모던 파이썬 기초와 응용,박민수,데이터하우스,2577183690880,41,2025-09-04 16:53:22,C011
초보자를 위한 도커 워크북,강민주,디지털북스,0016688002473,9,2025-06-21 16:53:22,C010
마스터링 자바 가이드,박민수,코딩월드,9961244255232,46,2024-12-15 16:53:22,C006
입문 파이썬 워크북,강민주,코딩월드,2172110708949,18,2025-09-04 16:53:22,C011
핵심 리눅스 가이드,정현우,디지털북스,9479493877433,12,2025-08-19 16:53:22,C013
입문 마이SQL 워크북,이영희,데이터하우스,4739168277738,44,2026-03-21 16:53:22,C019
입문 마이SQL 정석,박민수,코딩월드,9338456613312,29,2025-04-17 16:53:22,C001
초보자를 위한 리눅스 워크북,김철수,IT미디어,2084081150362,31,2025-07-04 16:53:22,C002
실전 오라클 바이블,박민수,디지털북스,9024990975218,30,2025-07-29 16:53:22,C004
클린 자바 정석,정현우,데이터하우스,8976897584897,25,2026-01-12 16:53:22,C013
고급 마이SQL 컴플리트 가이드,강민주,IT미디어,4256606941866,26,2025-02-26 16:53:22,C001
입문 스위프트 프로그래밍,이영희,데이터하우스,7376332527275,43,2025-10-22 16:53:22,C001
초보자를 위한 텐서플로 컴플리트 가이드,박민수,데이터하우스,2347217549180,23,2025-08-27 16:53:22,C002
고급 파이썬 바이블,이영희,데이터하우스,2777444465299,30,2025-08-19 16:53:22,C015
모던 리눅스 컴플리트 가이드,강민주,데이터하우스,1719437086114,17,2025-03-14 16:53:22,C017
마스터링 쿠버네티스 기초와 응용,강민주,IT미디어,8163025167475,13,2025-11-14 16:53:22,C015
고급 자바 컴플리트 가이드,최지우,IT미디어,0939594961252,42,2025-12-07 16:53:22,C018
모던 마이SQL 가이드,최지우,데이터하우스,2624882543060,12,2025-05-25 16:53:22,C001
모던 텐서플로 프로그래밍,이영희,코딩월드,0384160775379,42,2026-03-10 16:53:22,C020
마스터링 도커 워크북,박민수,데이터하우스,0834209366303,43,2025-03-10 16:53:22,C003
핵심 리눅스 프로그래밍,최지우,디지털북스,1332806378702,16,2025-03-24 16:53:22,C013
클린 스위프트 가이드,박민수,코딩월드,8611317872238,39,2025-02-16 16:53:22,C019
실전 스위프트 기초와 응용,최지우,코딩월드,1855165054852,21,2026-02-02 16:53:22,C011
실전 도커 워크북,박민수,데이터하우스,9006231745055,30,2025-08-17 16:53:22,C002
입문 스위프트 컴플리트 가이드,최지우,코딩월드,0050183885837,24,2025-07-06 16:53:22,C015
고급 쿠버네티스 정석,이영희,코딩월드,0032592997787,21,2025-08-21 16:53:22,C002
모던 쿠버네티스 컴플리트 가이드,이영희,디지털북스,1233589129614,38,2025-02-02 16:53:22,C017
실전 Go언어 가이드,김철수,코딩월드,1453219429679,34,2026-01-07 16:53:22,C020
실전 오라클 가이드,박민수,IT미디어,9727026385589,23,2025-10-15 16:53:22,C002
핵심 쿠버네티스 워크북,최지우,데이터하우스,0077411634436,29,2025-01-30 16:53:22,C003
실전 Go언어 프로그래밍,정현우,코딩월드,1873209135406,10,2025-03-08 16:53:22,C018
핵심 텐서플로 가이드,최지우,디지털북스,9953765414494,19,2025-09-03 16:53:22,C001
클린 오라클 바이블,최지우,IT미디어,0670484651761,42,2025-04-15 16:53:22,C018
핵심 텐서플로 워크북,정현우,IT미디어,0296665803214,25,2025-01-09 16:53:22,C006
핵심 리눅스 정석,이영희,IT미디어,5981813528403,48,2025-04-02 16:53:22,C011
마스터링 Go언어 프로그래밍,이영희,디지털북스,6159470673552,15,2024-12-23 16:53:22,C011
모던 마이SQL 기초와 응용,강민주,데이터하우스,7040113506583,27,2025-12-21 16:53:22,C010
핵심 텐서플로 바이블,최지우,디지털북스,7604431876479,47,2025-05-15 16:53:22,C011
핵심 쿠버네티스 정석,정현우,데이터하우스,7917772509395,30,2025-07-10 16:53:22,C002
입문 리눅스 정석,박민수,코딩월드,8781783241734,44,2025-10-06 16:53:22,C002
마스터링 Go언어 기초와 응용,강민주,IT미디어,0506623962838,11,2026-01-05 16:53:22,C005
모던 파이썬 가이드,강민주,코딩월드,7789075108406,42,2025-05-08 16:53:22,C014
입문 스위프트 기초와 응용,정현우,디지털북스,6132405778872,35,2025-05-20 16:53:22,C014
모던 쿠버네티스 기초와 응용,박민수,코딩월드,4921177987719,6,2024-12-05 16:53:22,C018
마스터링 파이썬 기초와 응용,강민주,데이터하우스,7972249717277,36,2025-12-18 16:53:22,C002
핵심 도커 가이드,강민주,IT미디어,3060613851090,19,2025-04-02 16:53:22,C003
실전 자바 가이드,강민주,디지털북스,4741326470055,36,2025-12-29 16:53:22,C009
고급 Go언어 정석,최지우,데이터하우스,5161861207513,24,2025-08-04 16:53:22,C011
클린 오라클 컴플리트 가이드,강민주,IT미디어,7666505271793,15,2025-05-09 16:53:22,C013
핵심 마이SQL 가이드,박민수,IT미디어,3837070749652,33,2024-12-27 16:53:22,C004
고급 자바 바이블,강민주,디지털북스,2394254046331,38,2025-04-10 16:53:22,C004
마스터링 Go언어 바이블,정현우,코딩월드,8106987480589,42,2025-08-17 16:53:22,C003
클린 마이SQL 바이블,최지우,코딩월드,0935686349360,22,2025-01-26 16:53:22,C017
고급 리눅스 바이블,강민주,IT미디어,8293738239112,39,2026-03-29 16:53:22,C012
입문 스위프트 워크북,최지우,데이터하우스,3357704754825,7,2025-12-03 16:53:22,C020
입문 도커 가이드,정현우,데이터하우스,0818650354724,22,2025-01-24 16:53:22,C003
마스터링 리눅스 기초와 응용,정현우,데이터하우스,0916710996044,50,2025-09-13 16:53:22,C003
마스터링 리눅스 기초와 응용,강민주,코딩월드,7405868538791,47,2025-05-16 16:53:22,C019
모던 스위프트 컴플리트 가이드,최지우,데이터하우스,0431886721270,19,2024-12-16 16:53:22,C006
클린 마이SQL 기초와 응용,박민수,데이터하우스,5223094785532,18,2026-03-12 16:53:22,C012
클린 Go언어 바이블,김철수,코딩월드,3918002321942,17,2026-02-09 16:53:22,C012
클린 쿠버네티스 정석,강민주,데이터하우스,6633406256016,42,2026-01-24 16:53:22,C013
고급 리눅스 컴플리트 가이드,강민주,디지털북스,9054054541232,33,2025-12-03 16:53:22,C007
고급 리눅스 프로그래밍,김철수,디지털북스,3563876686490,27,2025-08-24 16:53:22,C004
입문 쿠버네티스 바이블,김철수,코딩월드,1257607726570,32,2024-12-03 16:53:22,C018
클린 리눅스 기초와 응용,박민수,IT미디어,4838407747016,42,2025-04-29 16:53:22,C003
입문 파이썬 기초와 응용,김철수,디지털북스,2122804102238,36,2025-06-23 16:53:22,C007
고급 자바 정석,최지우,IT미디어,0466679844566,47,2025-08-27 16:53:22,C004
클린 마이SQL 컴플리트 가이드,이영희,데이터하우스,5076856588469,19,2025-12-27 16:53:22,C005
마스터링 마이SQL 컴플리트 가이드,정현우,IT미디어,0043445544804,42,2025-09-28 16:53:22,C012
입문 도커 프로그래밍,김철수,IT미디어,1017614074966,12,2026-01-19 16:53:22,C016
클린 오라클 워크북,최지우,디지털북스,8613775517260,33,2025-08-05 16:53:22,C009
핵심 도커 기초와 응용,이영희,데이터하우스,2518591568397,34,2025-06-26 16:53:22,C019
고급 자바 컴플리트 가이드,최지우,IT미디어,9677499427780,28,2025-01-02 16:53:22,C020
모던 리눅스 바이블,정현우,디지털북스,0592077896687,15,2025-01-07 16:53:22,C009
클린 마이SQL 워크북,김철수,디지털북스,2389567449166,6,2025-01-13 16:53:22,C020
초보자를 위한 텐서플로 가이드,김철수,디지털북스,7903896954687,40,2026-03-31 16:53:22,C013
고급 쿠버네티스 정석,이영희,디지털북스,2401850258834,44,2026-02-22 16:53:22,C020
마스터링 쿠버네티스 기초와 응용,이영희,IT미디어,6286774799697,16,2025-02-19 16:53:22,C009
마스터링 리눅스 프로그래밍,강민주,IT미디어,2398578320404,6,2025-12-14 16:53:22,C005
핵심 텐서플로 컴플리트 가이드,정현우,디지털북스,9746795029190,31,2025-09-14 16:53:22,C006
핵심 파이썬 정석,강민주,디지털북스,4606496924126,47,2025-05-02 16:53:22,C018
클린 Go언어 바이블,최지우,IT미디어,3420186015851,50,2025-03-08 16:53:22,C007
실전 자바 바이블,정현우,코딩월드,8139088670659,10,2025-02-13 16:53:22,C007
마스터링 텐서플로 바이블,강민주,IT미디어,6778672335589,5,2026-01-08 16:53:22,C015
실전 도커 바이블,이영희,IT미디어,5074311715695,33,2025-08-17 16:53:22,C013
실전 텐서플로 기초와 응용,강민주,데이터하우스,5822372838823,6,2025-10-23 16:53:22,C012
클린 오라클 워크북,김철수,데이터하우스,3950820157644,6,2025-02-08 16:53:22,C006
핵심 리눅스 컴플리트 가이드,박민수,IT미디어,3619029067239,50,2026-02-24 16:53:22,C020
마스터링 텐서플로 워크북,박민수,데이터하우스,4320377234011,31,2025-05-04 16:53:22,C020
초보자를 위한 마이SQL 가이드,최지우,디지털북스,6666254919270,27,2025-04-09 16:53:22,C002
입문 도커 워크북,김철수,IT미디어,8742180102356,41,2026-01-29 16:53:22,C019
초보자를 위한 도커 워크북,정현우,데이터하우스,1235043487275,16,2025-10-22 16:53:22,C009
핵심 리눅스 기초와 응용,정현우,IT미디어,9931976784609,20,2025-09-07 16:53:22,C005
고급 오라클 정석,최지우,IT미디어,2487936942048,25,2025-02-11 16:53:22,C020
고급 리눅스 정석,최지우,데이터하우스,7167309155172,36,2025-11-01 16:53:22,C005
마스터링 스위프트 프로그래밍,최지우,코딩월드,1660812754965,43,2025-02-12 16:53:22,C016
모던 도커 가이드,김철수,코딩월드,7290596445896,19,2025-05-21 16:53:22,C006
입문 텐서플로 정석,김철수,데이터하우스,5141724981900,49,2025-03-22 16:53:22,C015
실전 오라클 바이블,정현우,디지털북스,4713254331790,24,2026-03-26 16:53:22,C011
모던 리눅스 가이드,정현우,데이터하우스,5296497155628,31,2025-09-16 16:53:22,C015
클린 파이썬 정석,최지우,코딩월드,6143375442356,37,2026-02-07 16:53:22,C008
입문 자바 프로그래밍,강민주,데이터하우스,0518911461079,34,2025-09-23 16:53:22,C007
핵심 오라클 프로그래밍,강민주,데이터하우스,2578915534506,21,2025-07-05 16:53:22,C018
실전 스위프트 프로그래밍,강민주,IT미디어,4477814340368,39,2025-12-26 16:53:22,C009
입문 도커 프로그래밍,김철수,IT미디어,6102075878355,23,2025-01-02 16:53:22,C019
실전 텐서플로 바이블,최지우,데이터하우스,8980520849850,41,2025-01-05 16:53:22,C003
마스터링 쿠버네티스 프로그래밍,박민수,디지털북스,7547998447582,30,2026-02-15 16:53:22,C015
초보자를 위한 오라클 가이드,김철수,IT미디어,3743092321243,49,2025-05-20 16:53:22,C013
실전 Go언어 컴플리트 가이드,강민주,IT미디어,4423140303737,17,2025-10-06 16:53:22,C012
모던 쿠버네티스 컴플리트 가이드,정현우,IT미디어,9725958907866,27,2025-05-19 16:53:22,C017
마스터링 Go언어 프로그래밍,김철수,데이터하우스,0090073007577,36,2025-05-16 16:53:22,C016
마스터링 리눅스 기초와 응용,김철수,데이터하우스,8456682412397,15,2025-03-19 16:53:22,C008
실전 쿠버네티스 컴플리트 가이드,박민수,디지털북스,7618734005569,49,2025-08-13 16:53:22,C016
마스터링 파이썬 프로그래밍,이영희,데이터하우스,1331310813579,46,2025-05-23 16:53:22,C013
실전 텐서플로 기초와 응용,정현우,데이터하우스,0919340278505,36,2024-12-29 16:53:22,C005
클린 쿠버네티스 바이블,최지우,코딩월드,2724301126109,49,2025-11-11 16:53:22,C014
입문 Go언어 바이블,박민수,데이터하우스,4926668151298,39,2026-02-17 16:53:22,C017
핵심 도커 가이드,정현우,코딩월드,2495275697829,34,2025-08-20 16:53:22,C008
모던 리눅스 워크북,이영희,디지털북스,7440270567353,24,2024-12-23 16:53:22,C012
마스터링 텐서플로 바이블,강민주,코딩월드,5765045053426,18,2025-01-21 16:53:22,C020
마스터링 리눅스 프로그래밍,강민주,데이터하우스,1660464707548,45,2025-09-13 16:53:22,C007
마스터링 리눅스 가이드,정현우,IT미디어,4629102661889,5,2025-08-24 16:53:22,C019
고급 쿠버네티스 바이블,박민수,IT미디어,3508937857987,19,2025-02-02 16:53:22,C017
마스터링 파이썬 워크북,최지우,디지털북스,5360764712573,47,2025-09-10 16:53:22,C001
실전 리눅스 프로그래밍,이영희,디지털북스,1473122022051,21,2025-09-16 16:53:22,C011
핵심 오라클 프로그래밍,정현우,IT미디어,8780367096758,13,2026-03-08 16:53:22,C002
실전 오라클 워크북,이영희,디지털북스,7682125301541,29,2025-07-28 16:53:22,C020
초보자를 위한 파이썬 가이드,박민수,데이터하우스,4566345389453,46,2025-09-13 16:53:22,C006
초보자를 위한 파이썬 정석,강민주,디지털북스,8450685191255,24,2025-09-28 16:53:22,C001
핵심 마이SQL 프로그래밍,강민주,데이터하우스,6409604310335,10,2026-02-21 16:53:22,C013
초보자를 위한 오라클 워크북,정현우,데이터하우스,3234681528568,16,2025-12-29 16:53:22,C004
실전 도커 가이드,최지우,데이터하우스,0281711676993,37,2025-01-31 16:53:22,C014
고급 마이SQL 컴플리트 가이드,최지우,IT미디어,6184577658972,29,2025-11-15 16:53:22,C013
마스터링 도커 바이블,최지우,디지털북스,5713315131315,42,2025-11-01 16:53:22,C017
입문 리눅스 가이드,김철수,IT미디어,5428367350441,32,2025-02-12 16:53:22,C001
입문 쿠버네티스 정석,정현우,IT미디어,5426719739070,21,2025-04-30 16:53:22,C010
입문 자바 기초와 응용,정현우,코딩월드,3225026317270,16,2025-10-24 16:53:22,C001
고급 스위프트 컴플리트 가이드,정현우,코딩월드,6357796301778,49,2026-04-03 16:53:22,C010
고급 스위프트 가이드,김철수,데이터하우스,8666046713757,45,2025-01-12 16:53:22,C016
초보자를 위한 파이썬 프로그래밍,이영희,코딩월드,4628028923474,11,2025-06-11 16:53:22,C013
초보자를 위한 쿠버네티스 가이드,김철수,코딩월드,4388110520021,44,2026-01-24 16:53:22,C009
초보자를 위한 텐서플로 정석,이영희,IT미디어,0768140162614,32,2025-03-07 16:53:22,C011
고급 리눅스 워크북,최지우,디지털북스,6567455783640,39,2026-01-29 16:53:22,C006
클린 리눅스 컴플리트 가이드,이영희,코딩월드,9716666398293,30,2025-08-17 16:53:22,C016
마스터링 파이썬 기초와 응용,이영희,코딩월드,8240504386130,19,2026-02-13 16:53:22,C002
초보자를 위한 파이썬 컴플리트 가이드,최지우,데이터하우스,8666314960603,39,2025-01-11 16:53:22,C010
초보자를 위한 쿠버네티스 컴플리트 가이드,정현우,코딩월드,0907188499424,16,2026-02-10 16:53:22,C015
입문 리눅스 프로그래밍,박민수,데이터하우스,3162022557966,43,2025-07-13 16:53:22,C018
고급 도커 워크북,정현우,코딩월드,4796861555931,43,2025-05-31 16:53:22,C008
모던 마이SQL 컴플리트 가이드,박민수,데이터하우스,6222279154924,40,2025-11-26 16:53:22,C004
입문 자바 컴플리트 가이드,강민주,디지털북스,8134223873888,35,2025-11-11 16:53:22,C001
핵심 마이SQL 워크북,최지우,디지털북스,3213251389147,32,2025-06-04 16:53:22,C011
초보자를 위한 Go언어 정석,최지우,디지털북스,7379415421102,28,2025-12-31 16:53:22,C019
마스터링 리눅스 바이블,정현우,디지털북스,0435551455681,43,2025-02-17 16:53:22,C018
모던 Go언어 워크북,최지우,데이터하우스,1212129483598,46,2025-05-26 16:53:22,C017
초보자를 위한 스위프트 기초와 응용,이영희,디지털북스,5600085507621,49,2025-12-04 16:53:22,C019
모던 자바 워크북,강민주,디지털북스,0803545108783,33,2025-02-08 16:53:22,C005
초보자를 위한 자바 가이드,박민수,디지털북스,3384871245886,26,2024-12-27 16:53:22,C010
모던 텐서플로 가이드,정현우,데이터하우스,9180271921002,32,2025-01-02 16:53:22,C006
고급 쿠버네티스 프로그래밍,정현우,코딩월드,9026435427864,46,2026-01-23 16:53:22,C006
마스터링 텐서플로 프로그래밍,강민주,디지털북스,0713333884717,40,2025-08-05 16:53:22,C011
입문 Go언어 바이블,김철수,디지털북스,9040823132544,33,2025-04-10 16:53:22,C012
클린 텐서플로 프로그래밍,정현우,코딩월드,2626297197880,36,2025-04-20 16:53:22,C018
고급 오라클 워크북,정현우,데이터하우스,0713105837216,18,2025-08-25 16:53:22,C014
마스터링 Go언어 바이블,정현우,디지털북스,5662981014714,28,2025-06-29 16:53:22,C019
핵심 오라클 기초와 응용,김철수,데이터하우스,0523925076108,17,2025-01-08 16:53:22,C013
핵심 스위프트 프로그래밍,박민수,데이터하우스,4317509025443,49,2025-09-11 16:53:22,C012
초보자를 위한 도커 워크북,정현우,코딩월드,3739856234729,37,2025-05-12 16:53:22,C005
고급 오라클 기초와 응용,이영희,코딩월드,7920581116775,43,2025-05-20 16:53:22,C008
마스터링 Go언어 기초와 응용,박민수,코딩월드,0494031813548,11,2025-07-24 16:53:22,C010
클린 텐서플로 정석,최지우,코딩월드,3965891616538,46,2025-04-24 16:53:22,C005
모던 도커 워크북,정현우,코딩월드,4880325670888,29,2025-09-13 16:53:22,C017
입문 오라클 가이드,김철수,코딩월드,4082003086335,25,2026-02-17 16:53:22,C011
고급 쿠버네티스 정석,박민수,디지털북스,1496719763490,14,2025-08-11 16:53:22,C008
실전 텐서플로 바이블,정현우,데이터하우스,4072760580039,16,2025-04-25 16:53:22,C001
마스터링 텐서플로 바이블,정현우,코딩월드,4347409271876,46,2025-06-11 16:53:22,C007
핵심 스위프트 기초와 응용,이영희,IT미디어,6571514725281,8,2025-12-06 16:53:22,C013
핵심 오라클 워크북,박민수,코딩월드,2235100935825,49,2025-12-12 16:53:22,C014
입문 스위프트 프로그래밍,정현우,IT미디어,0237939989592,7,2025-12-21 16:53:22,C016
초보자를 위한 자바 프로그래밍,박민수,디지털북스,1002475307120,40,2025-11-22 16:53:22,C018
핵심 리눅스 워크북,김철수,IT미디어,9143078319236,38,2025-06-03 16:53:22,C013
핵심 Go언어 가이드,이영희,디지털북스,4747279414938,39,2026-03-09 16:53:22,C017
입문 오라클 정석,최지우,데이터하우스,7978551456741,35,2025-08-24 16:53:22,C016
클린 Go언어 워크북,박민수,코딩월드,8885348307232,24,2024-12-07 16:53:22,C010
클린 텐서플로 프로그래밍,강민주,IT미디어,5295582481218,44,2025-12-27 16:53:22,C009
실전 스위프트 기초와 응용,최지우,디지털북스,4092294083975,37,2025-05-19 16:53:22,C020
초보자를 위한 Go언어 바이블,정현우,코딩월드,4637950478649,45,2025-02-23 16:53:22,C013
클린 파이썬 정석,정현우,IT미디어,6280740732377,35,2025-05-25 16:53:22,C004
초보자를 위한 쿠버네티스 프로그래밍,박민수,데이터하우스,8320447594306,45,2025-10-09 16:53:22,C020
마스터링 오라클 워크북,강민주,디지털북스,4612251946382,27,2025-03-24 16:53:22,C013
고급 파이썬 정석,강민주,데이터하우스,3813403134921,14,2025-08-20 16:53:22,C001
실전 오라클 정석,강민주,IT미디어,9748555843493,8,2025-11-12 16:53:22,C009
입문 파이썬 프로그래밍,강민주,디지털북스,2728140471479,26,2025-05-01 16:53:22,C013
핵심 마이SQL 바이블,김철수,디지털북스,3143158132542,11,2025-10-01 16:53:22,C018
실전 텐서플로 컴플리트 가이드,이영희,IT미디어,2438769352697,29,2024-11-30 16:53:22,C013
모던 스위프트 바이블,강민주,데이터하우스,4788731628164,41,2025-12-25 16:53:22,C006
입문 파이썬 컴플리트 가이드,정현우,데이터하우스,7079637618213,15,2026-01-20 16:53:22,C018
초보자를 위한 Go언어 워크북,정현우,디지털북스,6342486314638,47,2026-04-01 16:53:22,C019
클린 오라클 바이블,최지우,데이터하우스,6209735581069,21,2025-09-26 16:53:22,C005
모던 도커 가이드,정현우,디지털북스,5318331593060,8,2024-11-26 16:53:22,C009
실전 자바 정석,최지우,디지털북스,5752317958032,10,2026-02-15 16:53:22,C018
모던 리눅스 기초와 응용,정현우,코딩월드,8042205489082,49,2025-09-02 16:53:22,C016
초보자를 위한 자바 워크북,이영희,코딩월드,4059645362602,25,2025-08-23 16:53:22,C020
핵심 도커 정석,강민주,코딩월드,8958447081532,8,2024-12-15 16:53:22,C001
실전 도커 컴플리트 가이드,박민수,데이터하우스,2362567372947,25,2026-03-20 16:53:22,C020
핵심 Go언어 기초와 응용,강민주,IT미디어,9494083265145,28,2025-04-26 16:53:22,C004
실전 스위프트 기초와 응용,정현우,IT미디어,9745092925319,25,2026-01-20 16:53:22,C009
실전 도커 컴플리트 가이드,박민수,IT미디어,5143985519080,26,2025-04-10 16:53:22,C004
모던 도커 워크북,김철수,데이터하우스,2278189007113,38,2025-06-11 16:53:22,C005
모던 마이SQL 기초와 응용,이영희,디지털북스,4490250285832,34,2026-01-19 16:53:22,C020
